participant_id,group,courage_pre,czo_pre,courage_diff_conflict_mean,courage_diff_no_conflict_mean,courage_diff_conflict_minus_no_conflict,courage_diff_video1,courage_diff_video2,is_conflict_high_group
1,勇気事前4以下,2.8333333333333335,2.5,,,,,,False
2,勇気事前4超,4.666666666666667,3.1,0.6666666666666665,0.25,0.4166666666666665,0.33333333333333304,1.0,False
3,勇気事前4超,4.333333333333333,2.0,-4.440892098500626e-16,-0.08333333333333348,0.08333333333333304,-0.3333333333333339,0.33333333333333304,False
4,勇気事前4以下,3.6666666666666665,3.2,-0.583333333333333,-0.24999999999999956,-0.3333333333333335,-0.6666666666666665,-0.49999999999999956,False
5,勇気事前4以下,2.3333333333333335,3.1,0.5,0.3333333333333335,0.16666666666666652,0.6666666666666665,0.3333333333333335,False
6,勇気事前4超,4.666666666666667,3.2,0.9166666666666665,1.1666666666666665,-0.25,1.1666666666666665,0.6666666666666665,False
7,勇気事前4超,4.333333333333333,2.5,0.16666666666666607,0.16666666666666652,-4.440892098500626e-16,0.6666666666666661,-0.3333333333333339,False
8,勇気事前4以下,3.3333333333333335,3.2,-0.24999999999999956,-0.4166666666666663,0.16666666666666674,-0.16666666666666607,-0.33333333333333304,False
9,勇気事前4以下,4.0,3.3,-2.0,-1.6666666666666667,-0.33333333333333326,-1.8333333333333335,-2.166666666666667,False
10,勇気事前4以下,2.0,3.0,0.5,0.4166666666666665,0.08333333333333348,0.5,0.5,False
11,勇気事前4超,6.333333333333333,4.4,0.0,0.25,-0.25,0.0,0.0,False
12,勇気事前4以下,4.0,2.6,-0.49999999999999956,-0.583333333333333,0.08333333333333348,-0.833333333333333,-0.16666666666666607,True
13,勇気事前4以下,3.1666666666666665,2.0,0.41666666666666696,0.25,0.16666666666666696,0.666666666666667,0.16666666666666696,True
14,勇気事前4超,5.166666666666667,3.1,2.220446049250313e-16,-0.33333333333333326,0.3333333333333335,0.16666666666666696,-0.16666666666666652,False
15,勇気事前4以下,2.1666666666666665,3.0,0.08333333333333304,-0.25000000000000044,0.3333333333333335,-0.16666666666666696,0.33333333333333304,False
16,勇気事前4超,5.666666666666667,4.1,-0.16666666666666652,0.0,-0.16666666666666652,-0.16666666666666652,-0.16666666666666652,False
17,勇気事前4超,4.5,3.2,0.16666666666666607,0.25,-0.08333333333333393,0.16666666666666607,0.16666666666666607,False
18,勇気事前4以下,2.8333333333333335,2.6,0.25,0.33333333333333304,-0.08333333333333304,0.33333333333333304,0.16666666666666696,False
19,勇気事前4以下,2.8333333333333335,2.2,0.833333333333333,0.833333333333333,0.0,0.833333333333333,0.833333333333333,False
20,勇気事前4超,4.5,3.7,-0.41666666666666685,-0.16666666666666685,-0.25,0.16666666666666652,-1.0000000000000002,False
21,勇気事前4以下,3.5,3.0,2.220446049250313e-16,-0.16666666666666652,0.16666666666666674,-0.6666666666666665,0.666666666666667,True
22,勇気事前4超,4.5,4.0,0.41666666666666674,-0.08333333333333348,0.5000000000000002,0.3333333333333335,0.5,False
23,勇気事前4超,5.833333333333333,3.7,0.16666666666666652,0.5833333333333335,-0.41666666666666696,0.0,0.33333333333333304,False
24,勇気事前4以下,3.5,3.2,0.16666666666666696,0.3333333333333339,-0.16666666666666696,0.16666666666666696,0.16666666666666696,False
25,勇気事前4超,4.166666666666667,3.3,-0.5,0.0,-0.5,-1.1666666666666665,0.16666666666666652,False
26,勇気事前4以下,3.6666666666666665,2.7,-1.0833333333333335,-0.8333333333333339,-0.24999999999999956,0.33333333333333304,-2.5,True
27,勇気事前4以下,1.3333333333333333,2.1,0.3333333333333337,-0.4166666666666665,0.7500000000000002,0.16666666666666696,0.5000000000000004,True
28,勇気事前4超,5.333333333333333,4.2,0.33333333333333337,0.0,0.33333333333333337,0.5,0.16666666666666674,False
29,勇気事前4超,6.0,4.7,0.7500000000000004,1.333333333333334,-0.5833333333333335,0.666666666666667,0.8333333333333339,False
30,勇気事前4以下,1.8333333333333333,3.4,0.5833333333333335,0.75,-0.16666666666666652,0.666666666666667,0.5,False
31,勇気事前4以下,3.5,3.0,0.5833333333333333,0.5,0.08333333333333326,0.8333333333333333,0.33333333333333326,True
32,勇気事前4以下,3.5,2.8,-0.16666666666666652,-0.9166666666666667,0.7500000000000002,-0.16666666666666652,-0.16666666666666652,False
33,勇気事前4超,5.5,3.3,0.08333333333333326,0.08333333333333326,0.0,0.16666666666666652,0.0,False
34,勇気事前4超,5.166666666666667,3.3,0.0,0.08333333333333304,-0.08333333333333304,-0.16666666666666696,0.16666666666666696,False
35,勇気事前4超,5.166666666666667,3.4,0.583333333333333,1.2499999999999996,-0.6666666666666665,-0.16666666666666696,1.333333333333333,False
36,勇気事前4以下,2.6666666666666665,2.5,-0.16666666666666696,-0.16666666666666696,0.0,0.0,-0.3333333333333339,False
37,勇気事前4以下,3.5,3.4,-0.33333333333333326,-0.08333333333333326,-0.25,-0.16666666666666652,-0.5,False
38,勇気事前4以下,3.8333333333333335,3.1,0.41666666666666674,0.25,0.16666666666666674,0.3333333333333335,0.5,True
39,勇気事前4以下,1.5,2.0,-0.5833333333333335,-0.8333333333333335,0.25,-0.5,-0.666666666666667,True
40,勇気事前4以下,2.3333333333333335,2.6,0.25,0.08333333333333337,0.16666666666666663,0.16666666666666674,0.33333333333333326,True
41,勇気事前4以下,3.8333333333333335,2.9,0.6666666666666665,0.24999999999999978,0.41666666666666674,0.6666666666666665,0.6666666666666665,False
42,勇気事前4以下,2.8333333333333335,3.4,0.24999999999999978,0.5,-0.2500000000000002,0.0,0.49999999999999956,False
43,勇気事前4以下,3.5,2.3,0.24999999999999978,0.6666666666666665,-0.41666666666666674,0.33333333333333304,0.16666666666666652,False
44,勇気事前4以下,2.3333333333333335,2.4,0.08333333333333326,-0.16666666666666674,0.25,0.0,0.16666666666666652,False
45,勇気事前4以下,3.5,3.4,-0.16666666666666674,-0.8333333333333335,0.6666666666666667,-0.3333333333333335,0.0,False
46,勇気事前4以下,3.3333333333333335,3.0,-0.6666666666666667,0.8333333333333335,-1.5000000000000002,-1.5,0.16666666666666652,False
47,勇気事前4超,5.166666666666667,3.1,-0.6666666666666667,-0.41666666666666696,-0.24999999999999978,-0.5,-0.8333333333333335,False
48,勇気事前4超,4.5,3.0,0.24999999999999956,0.16666666666666652,0.08333333333333304,-0.16666666666666696,0.6666666666666661,False
49,勇気事前4以下,3.6666666666666665,3.2,0.0,-0.33333333333333326,0.33333333333333326,0.0,0.0,True
50,勇気事前4超,4.5,2.9,0.5000000000000004,-0.5833333333333333,1.0833333333333337,0.5000000000000004,0.5000000000000004,True
51,勇気事前4以下,2.0,3.0,-0.6666666666666665,-1.1666666666666667,0.5000000000000002,-0.6666666666666665,-0.6666666666666665,False
52,勇気事前4超,4.166666666666667,3.8,0.8333333333333333,2.0,-1.1666666666666667,1.0,0.6666666666666665,False
53,勇気事前4以下,4.0,3.0,0.4166666666666665,0.583333333333333,-0.16666666666666652,0.33333333333333304,0.5,False
54,勇気事前4以下,3.3333333333333335,1.7,0.0,0.0,0.0,0.0,0.0,True
55,勇気事前4超,5.333333333333333,3.1,0.6666666666666665,-0.3333333333333335,1.0,0.6666666666666665,0.6666666666666665,False
56,勇気事前4以下,2.5,2.3,0.41666666666666696,0.3333333333333335,0.08333333333333348,0.5,0.3333333333333339,False
57,勇気事前4以下,2.5,2.3,-0.08333333333333326,-0.5,0.41666666666666674,0.3333333333333335,-0.5,False
58,勇気事前4以下,2.0,1.8,0.75,0.9166666666666667,-0.16666666666666674,1.1666666666666665,0.3333333333333335,False
59,勇気事前4以下,2.0,2.6,-0.33333333333333337,-0.33333333333333337,0.0,-0.16666666666666674,-0.5,False
60,勇気事前4超,5.333333333333333,3.6,0.9166666666666667,1.0,-0.08333333333333326,1.0,0.8333333333333335,False
61,勇気事前4超,4.666666666666667,3.2,-0.5,-0.4166666666666665,-0.08333333333333348,-0.5,-0.5,False
62,勇気事前4超,4.333333333333333,2.6,-0.7500000000000002,-0.5833333333333335,-0.16666666666666674,-0.666666666666667,-0.8333333333333335,False
63,勇気事前4超,4.333333333333333,4.0,-0.5833333333333328,0.666666666666667,-1.2499999999999998,-1.4999999999999996,0.3333333333333339,False
64,勇気事前4超,5.833333333333333,3.6,4.440892098500626e-16,0.0,4.440892098500626e-16,0.3333333333333339,-0.33333333333333304,False
65,勇気事前4以下,2.5,3.1,4.440892098500626e-16,0.08333333333333348,-0.08333333333333304,-0.16666666666666607,0.16666666666666696,False
66,勇気事前4超,4.5,3.2,0.25,-0.08333333333333326,0.33333333333333326,0.5,0.0,False
67,勇気事前4以下,3.8333333333333335,3.0,-1.5,-1.25,-0.25,-1.1666666666666665,-1.8333333333333335,False
68,勇気事前4超,4.166666666666667,3.9,-0.8333333333333335,-1.5000000000000002,0.6666666666666667,-0.5,-1.166666666666667,False
69,勇気事前4超,4.833333333333333,3.8,-0.16666666666666696,0.16666666666666607,-0.33333333333333304,-0.16666666666666696,-0.16666666666666696,False
70,勇気事前4以下,2.6666666666666665,3.2,1.0,1.0833333333333335,-0.08333333333333348,1.0,1.0,True
71,勇気事前4超,4.666666666666667,3.8,0.08333333333333348,-0.4166666666666665,0.5,0.0,0.16666666666666696,False
72,勇気事前4以下,1.8333333333333333,2.6,-0.41666666666666674,0.7499999999999996,-1.1666666666666663,-0.8333333333333335,0.0,False
73,勇気事前4超,4.5,2.9,0.08333333333333337,0.25,-0.16666666666666663,-0.5,0.6666666666666667,True
74,勇気事前4超,4.833333333333333,3.4,-0.5,-1.5833333333333335,1.0833333333333335,-0.5,-0.5,False
75,勇気事前4以下,1.8333333333333333,3.1,0.3333333333333335,1.0000000000000004,-0.666666666666667,0.5,0.16666666666666696,True
76,勇気事前4超,4.833333333333333,2.6,1.916666666666667,0.6666666666666667,1.2500000000000002,1.5000000000000002,2.333333333333334,False
77,勇気事前4以下,2.0,2.8,-0.16666666666666652,-0.08333333333333304,-0.08333333333333348,-0.5,0.16666666666666696,False
78,勇気事前4超,4.166666666666667,3.5,-0.41666666666666663,-1.1102230246251565e-16,-0.4166666666666665,-0.5,-0.33333333333333326,True
79,勇気事前4超,4.5,3.7,-4.440892098500626e-16,-0.5000000000000002,0.4999999999999998,0.16666666666666607,-0.16666666666666696,False
80,勇気事前4超,4.166666666666667,3.3,-0.08333333333333348,0.33333333333333326,-0.41666666666666674,0.833333333333333,-1.0,True
81,勇気事前4超,4.333333333333333,3.3,-0.3333333333333335,-0.5833333333333337,0.2500000000000002,-0.3333333333333335,-0.3333333333333335,False
82,勇気事前4以下,3.5,4.0,0.08333333333333348,0.25000000000000044,-0.16666666666666696,0.16666666666666696,0.0,False
83,勇気事前4以下,2.0,2.3,1.5,1.5,0.0,1.5,1.5,False
84,勇気事前4以下,1.8333333333333333,2.3,-0.16666666666666674,0.08333333333333337,-0.2500000000000001,-0.16666666666666674,-0.16666666666666674,True
85,勇気事前4以下,2.5,2.0,0.41666666666666674,1.1102230246251565e-16,0.41666666666666663,0.33333333333333326,0.5000000000000002,True
86,勇気事前4以下,4.0,3.2,-1.1666666666666665,-1.5,0.3333333333333335,-1.3333333333333333,-1.0,False
87,勇気事前4以下,3.0,3.0,0.0,0.0,0.0,0.0,0.0,False
88,勇気事前4以下,3.6666666666666665,2.2,1.5,0.8333333333333333,0.6666666666666667,2.0,1.0,False
89,勇気事前4超,7.0,3.6,0.16666666666666674,0.16666666666666696,-2.220446049250313e-16,0.3333333333333335,0.0,False
90,勇気事前4超,5.833333333333333,4.0,0.0,0.0,0.0,0.0,0.0,False
91,勇気事前4超,4.833333333333333,3.1,-0.24999999999999956,4.440892098500626e-16,-0.25,-0.16666666666666607,-0.33333333333333304,False
92,勇気事前4超,5.0,3.5,-0.833333333333333,-0.16666666666666652,-0.6666666666666665,-0.33333333333333304,-1.333333333333333,False
93,勇気事前4以下,4.0,3.1,0.0,0.0,0.0,0.0,0.0,True
94,勇気事前4以下,2.3333333333333335,2.1,1.1666666666666665,0.8333333333333335,0.33333333333333304,1.0,1.333333333333333,False
95,勇気事前4以下,3.5,2.3,-0.3333333333333335,-0.3333333333333335,0.0,-0.3333333333333335,-0.3333333333333335,False
96,勇気事前4超,4.5,2.8,-1.0833333333333333,-0.33333333333333315,-0.7500000000000001,-1.0,-1.1666666666666665,False
97,勇気事前4以下,3.5,3.8,0.33333333333333304,0.33333333333333304,0.0,0.33333333333333304,0.33333333333333304,False
98,勇気事前4以下,3.3333333333333335,3.3,0.8333333333333335,0.9166666666666665,-0.08333333333333304,1.0,0.666666666666667,False
99,勇気事前4以下,3.5,2.4,0.25,0.08333333333333304,0.16666666666666696,1.3333333333333335,-0.8333333333333335,True
100,勇気事前4以下,2.3333333333333335,3.0,-0.33333333333333326,-0.5833333333333335,0.2500000000000002,0.0,-0.6666666666666665,False
101,勇気事前4以下,1.5,2.5,-0.2500000000000002,-0.3333333333333336,0.08333333333333337,-0.3333333333333335,-0.16666666666666696,False
102,勇気事前4超,4.666666666666667,3.9,1.5,2.416666666666667,-0.916666666666667,0.8333333333333335,2.1666666666666665,False
103,勇気事前4以下,3.6666666666666665,2.5,-0.16666666666666696,0.24999999999999956,-0.4166666666666665,-0.3333333333333339,0.0,False
104,勇気事前4以下,4.0,3.0,0.08333333333333348,-0.24999999999999978,0.33333333333333326,0.16666666666666696,0.0,False
105,勇気事前4超,4.333333333333333,3.0,0.0,0.0,0.0,0.0,0.0,False
106,勇気事前4超,4.666666666666667,3.6,-0.16666666666666652,0.25000000000000044,-0.41666666666666696,-0.33333333333333304,0.0,False
107,勇気事前4以下,2.6666666666666665,2.5,-0.5000000000000002,-0.5833333333333337,0.08333333333333348,-0.16666666666666696,-0.8333333333333335,False
108,勇気事前4以下,2.5,2.3,-0.4999999999999998,-0.6666666666666665,0.16666666666666674,-0.33333333333333304,-0.6666666666666665,False
109,勇気事前4以下,3.1666666666666665,1.7,1.3333333333333335,0.0,1.3333333333333335,1.3333333333333335,1.3333333333333335,False
110,勇気事前4超,4.166666666666667,3.5,0.08333333333333348,0.16666666666666674,-0.08333333333333326,-0.16666666666666652,0.3333333333333335,False
111,勇気事前4以下,3.8333333333333335,3.1,0.16666666666666607,0.16666666666666652,-4.440892098500626e-16,0.16666666666666607,0.16666666666666607,False
112,勇気事前4以下,3.6666666666666665,3.4,0.583333333333333,-0.3333333333333335,0.9166666666666665,0.16666666666666652,0.9999999999999996,False
113,勇気事前4超,5.166666666666667,3.3,1.75,1.5,0.25,2.1666666666666665,1.3333333333333335,False
114,勇気事前4以下,3.3333333333333335,2.5,0.0,0.16666666666666652,-0.16666666666666652,0.0,0.0,False
115,勇気事前4以下,3.6666666666666665,3.0,-0.3333333333333335,-0.2500000000000002,-0.08333333333333326,-0.3333333333333335,-0.3333333333333335,False
116,勇気事前4以下,2.5,2.0,0.2500000000000002,0.41666666666666674,-0.16666666666666652,0.3333333333333335,0.16666666666666696,False
117,勇気事前4以下,3.6666666666666665,3.7,-0.08333333333333326,-0.33333333333333337,0.2500000000000001,0.0,-0.16666666666666652,False
118,勇気事前4以下,2.3333333333333335,2.2,0.75,2.220446049250313e-16,0.7499999999999998,1.1666666666666665,0.3333333333333335,False
119,勇気事前4以下,2.5,2.6,1.1666666666666665,1.6666666666666665,-0.5,0.6666666666666665,1.6666666666666665,True
120,勇気事前4超,4.5,3.0,-0.3333333333333335,-0.6666666666666666,0.33333333333333315,-0.3333333333333335,-0.3333333333333335,False
121,勇気事前4超,6.833333333333333,4.1,0.08333333333333348,0.5833333333333335,-0.5,-0.33333333333333304,0.5,False
122,勇気事前4以下,3.1666666666666665,1.9,-0.08333333333333304,-0.08333333333333304,0.0,0.0,-0.16666666666666607,False
123,勇気事前4以下,3.3333333333333335,3.3,0.08333333333333348,-0.6666666666666665,0.75,0.16666666666666696,0.0,False
124,勇気事前4以下,3.1666666666666665,2.9,0.75,0.75,0.0,0.6666666666666665,0.8333333333333335,False
125,勇気事前4超,4.333333333333333,2.9,0.6666666666666667,0.5833333333333335,0.08333333333333326,0.5,0.8333333333333335,False
126,勇気事前4以下,3.6666666666666665,2.8,4.440892098500626e-16,-0.08333333333333304,0.08333333333333348,0.3333333333333339,-0.33333333333333304,False
