participant_id,group,czo_pre,courage_pre,czo_diff_conflict_mean,czo_diff_no_conflict_mean,czo_diff_conflict_minus_no_conflict,czo_diff_video1,czo_diff_video2,courage_diff_conflict_mean,courage_diff_no_conflict_mean
1,CZO事前3以下,2.5,2.8333333333333335,,,,,,,
2,CZO事前3超,3.1,4.666666666666667,-0.04999999999999982,-0.15000000000000013,0.10000000000000031,-0.2999999999999998,0.20000000000000018,0.6666666666666665,0.25
3,CZO事前3以下,2.0,4.333333333333333,-0.25,-0.20000000000000018,-0.04999999999999982,0.0,-0.5,-4.440892098500626e-16,-0.08333333333333348
4,CZO事前3超,3.2,3.6666666666666665,0.55,0.5,0.050000000000000044,0.6000000000000001,0.5,-0.583333333333333,-0.24999999999999956
5,CZO事前3超,3.1,2.3333333333333335,-0.20000000000000018,-0.20000000000000018,0.0,0.0,-0.40000000000000036,0.5,0.3333333333333335
6,CZO事前3超,3.2,4.666666666666667,0.6499999999999999,0.25,0.3999999999999999,0.6000000000000001,0.6999999999999997,0.9166666666666665,1.1666666666666665
7,CZO事前3以下,2.5,4.333333333333333,0.04999999999999982,0.04999999999999982,0.0,0.09999999999999964,0.0,0.16666666666666607,0.16666666666666652
8,CZO事前3超,3.2,3.3333333333333335,0.2999999999999998,0.19999999999999996,0.09999999999999987,0.2999999999999998,0.2999999999999998,-0.24999999999999956,-0.4166666666666663
9,CZO事前3超,3.3,4.0,-0.10000000000000009,0.04999999999999982,-0.1499999999999999,0.0,-0.20000000000000018,-2.0,-1.6666666666666667
10,CZO事前3以下,3.0,2.0,0.2500000000000002,0.15000000000000036,0.09999999999999987,0.40000000000000036,0.10000000000000009,0.5,0.4166666666666665
11,CZO事前3超,4.4,6.333333333333333,-0.09999999999999987,-0.050000000000000044,-0.04999999999999982,0.10000000000000009,-0.2999999999999998,0.0,0.25
12,CZO事前3以下,2.6,4.0,-0.050000000000000266,0.24999999999999956,-0.2999999999999998,-0.10000000000000053,0.0,-0.49999999999999956,-0.583333333333333
13,CZO事前3以下,2.0,3.1666666666666665,0.1499999999999999,0.2999999999999998,-0.1499999999999999,0.10000000000000009,0.19999999999999973,0.41666666666666696,0.25
14,CZO事前3超,3.1,5.166666666666667,0.30000000000000004,0.55,-0.25,0.3999999999999999,0.20000000000000018,2.220446049250313e-16,-0.33333333333333326
15,CZO事前3以下,3.0,2.1666666666666665,0.25,0.34999999999999987,-0.09999999999999987,0.0,0.5,0.08333333333333304,-0.25000000000000044
16,CZO事前3超,4.1,5.666666666666667,-0.050000000000000044,0.10000000000000009,-0.15000000000000013,-0.10000000000000009,0.0,-0.16666666666666652,0.0
17,CZO事前3超,3.2,4.5,-0.04999999999999982,-0.1499999999999997,0.09999999999999987,-0.09999999999999964,0.0,0.16666666666666607,0.25
18,CZO事前3以下,2.6,2.8333333333333335,-0.15000000000000013,-0.40000000000000013,0.25,-0.10000000000000009,-0.20000000000000018,0.25,0.33333333333333304
19,CZO事前3以下,2.2,2.8333333333333335,0.4999999999999998,0.3999999999999999,0.09999999999999987,0.7999999999999998,0.19999999999999973,0.833333333333333,0.833333333333333
20,CZO事前3超,3.7,4.5,0.1499999999999997,0.2999999999999998,-0.15000000000000013,0.19999999999999973,0.09999999999999964,-0.41666666666666685,-0.16666666666666685
21,CZO事前3以下,3.0,3.5,-0.8,-0.5000000000000002,-0.2999999999999998,-1.0,-0.6000000000000001,2.220446049250313e-16,-0.16666666666666652
22,CZO事前3超,4.0,4.5,0.050000000000000044,-0.050000000000000044,0.10000000000000009,0.10000000000000009,0.0,0.41666666666666674,-0.08333333333333348
23,CZO事前3超,3.7,5.833333333333333,-2.220446049250313e-16,-0.20000000000000018,0.19999999999999996,-0.10000000000000009,0.09999999999999964,0.16666666666666652,0.5833333333333335
24,CZO事前3超,3.2,3.5,-0.050000000000000044,-0.10000000000000009,0.050000000000000044,0.0,-0.10000000000000009,0.16666666666666696,0.3333333333333339
25,CZO事前3超,3.3,4.166666666666667,-0.050000000000000044,-0.30000000000000027,0.2500000000000002,-0.10000000000000009,0.0,-0.5,0.0
26,CZO事前3以下,2.7,3.6666666666666665,0.20000000000000018,-0.1499999999999999,0.3500000000000001,0.6000000000000001,-0.19999999999999973,-1.0833333333333335,-0.8333333333333339
27,CZO事前3以下,2.1,1.3333333333333333,0.19999999999999973,0.09999999999999987,0.09999999999999987,0.2999999999999998,0.09999999999999964,0.3333333333333337,-0.4166666666666665
28,CZO事前3超,4.2,5.333333333333333,0.34999999999999987,0.3999999999999999,-0.050000000000000044,0.3999999999999999,0.2999999999999998,0.33333333333333337,0.0
29,CZO事前3超,4.7,6.0,0.19999999999999973,0.04999999999999982,0.1499999999999999,0.2999999999999998,0.09999999999999964,0.7500000000000004,1.333333333333334
30,CZO事前3超,3.4,1.8333333333333333,0.09999999999999964,0.09999999999999964,0.0,0.09999999999999964,0.09999999999999964,0.5833333333333335,0.75
31,CZO事前3以下,3.0,3.5,-0.2999999999999998,-0.5,0.20000000000000018,-0.2999999999999998,-0.2999999999999998,0.5833333333333333,0.5
32,CZO事前3以下,2.8,3.5,0.050000000000000044,0.0,0.050000000000000044,0.0,0.10000000000000009,-0.16666666666666652,-0.9166666666666667
33,CZO事前3超,3.3,5.5,0.0,-0.1499999999999997,0.1499999999999997,0.0,0.0,0.08333333333333326,0.08333333333333326
34,CZO事前3超,3.3,5.166666666666667,-0.19999999999999973,-0.44999999999999996,0.2500000000000002,-0.19999999999999973,-0.19999999999999973,0.0,0.08333333333333304
35,CZO事前3超,3.4,5.166666666666667,0.6000000000000001,0.40000000000000013,0.19999999999999996,0.40000000000000036,0.7999999999999998,0.583333333333333,1.2499999999999996
36,CZO事前3以下,2.5,2.6666666666666665,0.050000000000000044,0.0,0.050000000000000044,0.0,0.10000000000000009,-0.16666666666666696,-0.16666666666666696
37,CZO事前3超,3.4,3.5,0.20000000000000018,0.25,-0.04999999999999982,0.20000000000000018,0.20000000000000018,-0.33333333333333326,-0.08333333333333326
38,CZO事前3超,3.1,3.8333333333333335,-0.19999999999999973,-0.34999999999999987,0.15000000000000013,-0.19999999999999973,-0.19999999999999973,0.41666666666666674,0.25
39,CZO事前3以下,2.0,1.5,0.30000000000000004,0.5999999999999999,-0.2999999999999998,0.5,0.10000000000000009,-0.5833333333333335,-0.8333333333333335
40,CZO事前3以下,2.6,2.3333333333333335,0.10000000000000009,0.44999999999999996,-0.34999999999999987,0.6000000000000001,-0.3999999999999999,0.25,0.08333333333333337
41,CZO事前3以下,2.9,3.8333333333333335,0.3999999999999999,0.3999999999999999,0.0,0.3999999999999999,0.3999999999999999,0.6666666666666665,0.24999999999999978
42,CZO事前3超,3.4,2.8333333333333335,0.6500000000000001,0.44999999999999996,0.20000000000000018,0.6000000000000001,0.7000000000000002,0.24999999999999978,0.5
43,CZO事前3以下,2.3,3.5,0.44999999999999996,0.3500000000000001,0.09999999999999987,0.5,0.3999999999999999,0.24999999999999978,0.6666666666666665
44,CZO事前3以下,2.4,2.3333333333333335,0.050000000000000266,-0.24999999999999978,0.30000000000000004,0.20000000000000018,-0.09999999999999964,0.08333333333333326,-0.16666666666666674
45,CZO事前3超,3.4,3.5,-0.10000000000000009,0.10000000000000009,-0.20000000000000018,-0.10000000000000009,-0.10000000000000009,-0.16666666666666674,-0.8333333333333335
46,CZO事前3以下,3.0,3.3333333333333335,-0.25,-0.3999999999999999,0.1499999999999999,0.0,-0.5,-0.6666666666666667,0.8333333333333335
47,CZO事前3超,3.1,5.166666666666667,0.050000000000000044,0.0,0.050000000000000044,-0.10000000000000009,0.20000000000000018,-0.6666666666666667,-0.41666666666666696
48,CZO事前3以下,3.0,4.5,0.7,0.6000000000000001,0.09999999999999987,0.6000000000000001,0.7999999999999998,0.24999999999999956,0.16666666666666652
49,CZO事前3超,3.2,3.6666666666666665,0.34999999999999987,0.55,-0.20000000000000018,0.2999999999999998,0.3999999999999999,0.0,-0.33333333333333326
50,CZO事前3以下,2.9,4.5,-0.15000000000000036,-0.30000000000000027,0.1499999999999999,-0.40000000000000036,0.09999999999999964,0.5000000000000004,-0.5833333333333333
51,CZO事前3以下,3.0,2.0,0.15000000000000013,0.15000000000000013,0.0,0.10000000000000009,0.20000000000000018,-0.6666666666666665,-1.1666666666666667
52,CZO事前3超,3.8,4.166666666666667,0.0,-0.10000000000000009,0.10000000000000009,0.0,0.0,0.8333333333333333,2.0
53,CZO事前3以下,3.0,4.0,0.10000000000000009,2.220446049250313e-16,0.09999999999999987,0.20000000000000018,0.0,0.4166666666666665,0.583333333333333
54,CZO事前3以下,1.7,3.3333333333333335,0.0,0.0,0.0,0.0,0.0,0.0,0.0
55,CZO事前3超,3.1,5.333333333333333,0.5000000000000002,0.6000000000000001,-0.09999999999999987,0.5000000000000002,0.5000000000000002,0.6666666666666665,-0.3333333333333335
56,CZO事前3以下,2.3,2.5,-0.40000000000000013,0.0,-0.40000000000000013,-0.10000000000000009,-0.7000000000000002,0.41666666666666696,0.3333333333333335
57,CZO事前3以下,2.3,2.5,0.30000000000000027,0.10000000000000009,0.20000000000000018,0.20000000000000018,0.40000000000000036,-0.08333333333333326,-0.5
58,CZO事前3以下,1.8,2.0,-0.04999999999999982,0.20000000000000018,-0.25,0.0,-0.09999999999999964,0.75,0.9166666666666667
59,CZO事前3以下,2.6,2.0,0.09999999999999987,0.44999999999999996,-0.3500000000000001,0.09999999999999987,0.09999999999999987,-0.33333333333333337,-0.33333333333333337
60,CZO事前3超,3.6,5.333333333333333,0.3500000000000001,0.19999999999999996,0.15000000000000013,0.6000000000000001,0.10000000000000009,0.9166666666666667,1.0
61,CZO事前3超,3.2,4.666666666666667,0.10000000000000009,0.10000000000000009,0.0,0.10000000000000009,0.10000000000000009,-0.5,-0.4166666666666665
62,CZO事前3以下,2.6,4.333333333333333,-0.15000000000000013,-0.2500000000000002,0.10000000000000009,0.0,-0.30000000000000027,-0.7500000000000002,-0.5833333333333335
63,CZO事前3超,4.0,4.333333333333333,0.1499999999999999,0.34999999999999987,-0.19999999999999996,0.0,0.2999999999999998,-0.5833333333333328,0.666666666666667
64,CZO事前3超,3.6,5.833333333333333,0.09999999999999964,0.04999999999999982,0.04999999999999982,0.09999999999999964,0.09999999999999964,4.440892098500626e-16,0.0
65,CZO事前3超,3.1,2.5,-0.050000000000000044,-0.20000000000000018,0.15000000000000013,-0.10000000000000009,0.0,4.440892098500626e-16,0.08333333333333348
66,CZO事前3超,3.2,4.5,-0.050000000000000044,-0.050000000000000044,0.0,-0.10000000000000009,0.0,0.25,-0.08333333333333326
67,CZO事前3以下,3.0,3.8333333333333335,-0.5500000000000003,-0.15000000000000036,-0.3999999999999999,-0.40000000000000036,-0.7000000000000002,-1.5,-1.25
68,CZO事前3超,3.9,4.166666666666667,-0.10000000000000009,-0.10000000000000009,0.0,-0.10000000000000009,-0.10000000000000009,-0.8333333333333335,-1.5000000000000002
69,CZO事前3超,3.8,4.833333333333333,-0.1499999999999999,-0.09999999999999987,-0.050000000000000044,-0.19999999999999973,-0.10000000000000009,-0.16666666666666696,0.16666666666666607
70,CZO事前3超,3.2,2.6666666666666665,1.0500000000000003,1.1000000000000005,-0.050000000000000266,1.0,1.1000000000000005,1.0,1.0833333333333335
71,CZO事前3超,3.8,4.666666666666667,-0.20000000000000018,-0.40000000000000036,0.20000000000000018,-0.10000000000000009,-0.30000000000000027,0.08333333333333348,-0.4166666666666665
72,CZO事前3以下,2.6,1.8333333333333333,0.5,0.5500000000000003,-0.050000000000000266,0.2999999999999998,0.7000000000000002,-0.41666666666666674,0.7499999999999996
73,CZO事前3以下,2.9,4.5,-0.8,-0.7500000000000001,-0.04999999999999993,-0.8,-0.8,0.08333333333333337,0.25
74,CZO事前3超,3.4,4.833333333333333,-0.24999999999999978,-0.050000000000000044,-0.19999999999999973,-0.19999999999999973,-0.2999999999999998,-0.5,-1.5833333333333335
75,CZO事前3超,3.1,1.8333333333333333,0.55,0.9000000000000004,-0.3500000000000003,0.5,0.6000000000000001,0.3333333333333335,1.0000000000000004
76,CZO事前3以下,2.6,4.833333333333333,-0.2500000000000002,-0.050000000000000044,-0.20000000000000018,-0.30000000000000027,-0.20000000000000018,1.916666666666667,0.6666666666666667
77,CZO事前3以下,2.8,2.0,0.25,0.34999999999999987,-0.09999999999999987,0.10000000000000009,0.3999999999999999,-0.16666666666666652,-0.08333333333333304
78,CZO事前3超,3.5,4.166666666666667,-0.3999999999999999,0.050000000000000266,-0.4500000000000002,-0.7999999999999998,0.0,-0.41666666666666663,-1.1102230246251565e-16
79,CZO事前3超,3.7,4.5,0.050000000000000044,0.15000000000000013,-0.10000000000000009,0.10000000000000009,0.0,-4.440892098500626e-16,-0.5000000000000002
80,CZO事前3超,3.3,4.166666666666667,0.49999999999999956,0.24999999999999978,0.24999999999999978,0.8999999999999995,0.09999999999999964,-0.08333333333333348,0.33333333333333326
81,CZO事前3超,3.3,4.333333333333333,-0.2999999999999998,-0.44999999999999996,0.15000000000000013,-0.19999999999999973,-0.3999999999999999,-0.3333333333333335,-0.5833333333333337
82,CZO事前3超,4.0,3.5,2.220446049250313e-16,0.050000000000000044,-0.04999999999999982,-0.09999999999999964,0.10000000000000009,0.08333333333333348,0.25000000000000044
83,CZO事前3以下,2.3,2.0,0.2999999999999998,0.2999999999999998,0.0,0.2999999999999998,0.2999999999999998,1.5,1.5
84,CZO事前3以下,2.3,1.8333333333333333,-0.1499999999999999,-0.04999999999999982,-0.10000000000000009,0.0,-0.2999999999999998,-0.16666666666666674,0.08333333333333337
85,CZO事前3以下,2.0,2.5,0.10000000000000031,0.15000000000000013,-0.04999999999999982,-0.19999999999999973,0.40000000000000036,0.41666666666666674,1.1102230246251565e-16
86,CZO事前3超,3.2,4.0,-0.75,-0.4,-0.35,-0.6000000000000001,-0.8999999999999999,-1.1666666666666665,-1.5
87,CZO事前3以下,3.0,3.0,-0.20000000000000018,-0.20000000000000018,0.0,-0.20000000000000018,-0.20000000000000018,0.0,0.0
88,CZO事前3以下,2.2,3.6666666666666665,-0.25,-0.25,0.0,-0.20000000000000018,-0.2999999999999998,1.5,0.8333333333333333
89,CZO事前3超,3.6,7.0,0.19999999999999973,0.19999999999999973,0.0,0.19999999999999973,0.19999999999999973,0.16666666666666674,0.16666666666666696
90,CZO事前3超,4.0,5.833333333333333,-0.95,-1.2,0.25,-0.8999999999999999,-1.0,0.0,0.0
91,CZO事前3超,3.1,4.833333333333333,-0.20000000000000018,-0.10000000000000009,-0.10000000000000009,-0.20000000000000018,-0.20000000000000018,-0.24999999999999956,4.440892098500626e-16
92,CZO事前3超,3.5,5.0,-0.15000000000000013,-0.20000000000000018,0.050000000000000044,-0.20000000000000018,-0.10000000000000009,-0.833333333333333,-0.16666666666666652
93,CZO事前3超,3.1,4.0,0.2999999999999998,0.2999999999999998,0.0,0.2999999999999998,0.2999999999999998,0.0,0.0
94,CZO事前3以下,2.1,2.3333333333333335,-0.050000000000000044,-0.050000000000000044,0.0,-0.10000000000000009,0.0,1.1666666666666665,0.8333333333333335
95,CZO事前3以下,2.3,3.5,-0.10000000000000009,0.0,-0.10000000000000009,-0.10000000000000009,-0.10000000000000009,-0.3333333333333335,-0.3333333333333335
96,CZO事前3以下,2.8,4.5,0.25,0.75,-0.5,0.0,0.5,-1.0833333333333333,-0.33333333333333315
97,CZO事前3超,3.8,3.5,0.5000000000000002,0.7500000000000002,-0.25,0.30000000000000027,0.7000000000000002,0.33333333333333304,0.33333333333333304
98,CZO事前3超,3.3,3.3333333333333335,-0.04999999999999982,-0.2999999999999998,0.25,0.10000000000000009,-0.19999999999999973,0.8333333333333335,0.9166666666666665
99,CZO事前3以下,2.4,3.5,-0.24999999999999978,-0.2999999999999998,0.050000000000000044,0.20000000000000018,-0.6999999999999997,0.25,0.08333333333333304
100,CZO事前3以下,3.0,2.3333333333333335,0.55,0.6500000000000001,-0.10000000000000009,0.5,0.6000000000000001,-0.33333333333333326,-0.5833333333333335
101,CZO事前3以下,2.5,1.5,0.20000000000000018,0.050000000000000044,0.15000000000000013,0.20000000000000018,0.20000000000000018,-0.2500000000000002,-0.3333333333333336
102,CZO事前3超,3.9,4.666666666666667,0.6499999999999999,0.19999999999999996,0.44999999999999996,0.5,0.7999999999999998,1.5,2.416666666666667
103,CZO事前3以下,2.5,3.6666666666666665,-0.1499999999999999,0.30000000000000027,-0.4500000000000002,-0.2999999999999998,0.0,-0.16666666666666696,0.24999999999999956
104,CZO事前3以下,3.0,4.0,0.15000000000000013,0.10000000000000009,0.050000000000000044,0.20000000000000018,0.10000000000000009,0.08333333333333348,-0.24999999999999978
105,CZO事前3以下,3.0,4.333333333333333,0.0,0.0,0.0,0.0,0.0,0.0,0.0
106,CZO事前3超,3.6,4.666666666666667,-0.15000000000000013,0.09999999999999987,-0.25,-0.10000000000000009,-0.20000000000000018,-0.16666666666666652,0.25000000000000044
107,CZO事前3以下,2.5,2.6666666666666665,0.25,0.30000000000000004,-0.050000000000000044,0.8000000000000003,-0.30000000000000027,-0.5000000000000002,-0.5833333333333337
108,CZO事前3以下,2.3,2.5,-0.25,-0.25,0.0,-0.2999999999999998,-0.20000000000000018,-0.4999999999999998,-0.6666666666666665
109,CZO事前3以下,1.7,3.1666666666666665,-0.09999999999999987,-0.04999999999999982,-0.050000000000000044,-0.2999999999999998,0.10000000000000009,1.3333333333333335,0.0
110,CZO事前3超,3.5,4.166666666666667,0.55,0.4500000000000002,0.09999999999999987,0.30000000000000004,0.8,0.08333333333333348,0.16666666666666674
111,CZO事前3超,3.1,3.8333333333333335,0.3999999999999999,0.5,-0.10000000000000009,0.2999999999999998,0.5,0.16666666666666607,0.16666666666666652
112,CZO事前3超,3.4,3.6666666666666665,-0.10000000000000009,0.050000000000000044,-0.15000000000000013,0.0,-0.20000000000000018,0.583333333333333,-0.3333333333333335
113,CZO事前3超,3.3,5.166666666666667,-0.34999999999999987,-0.19999999999999996,-0.1499999999999999,-0.5,-0.19999999999999973,1.75,1.5
114,CZO事前3以下,2.5,3.3333333333333335,0.2500000000000002,0.30000000000000027,-0.050000000000000044,0.40000000000000036,0.10000000000000009,0.0,0.16666666666666652
115,CZO事前3以下,3.0,3.6666666666666665,-0.15000000000000013,0.050000000000000044,-0.20000000000000018,-0.10000000000000009,-0.20000000000000018,-0.3333333333333335,-0.2500000000000002
116,CZO事前3以下,2.0,2.5,0.050000000000000044,0.4500000000000002,-0.40000000000000013,0.20000000000000018,-0.10000000000000009,0.2500000000000002,0.41666666666666674
117,CZO事前3超,3.7,3.6666666666666665,-0.25,-0.44999999999999996,0.19999999999999996,-0.19999999999999996,-0.30000000000000004,-0.08333333333333326,-0.33333333333333337
118,CZO事前3以下,2.2,2.3333333333333335,-0.20000000000000018,-0.30000000000000027,0.10000000000000009,0.2999999999999998,-0.7000000000000002,0.75,2.220446049250313e-16
119,CZO事前3以下,2.6,2.5,0.8499999999999999,0.7999999999999998,0.050000000000000044,0.7999999999999998,0.8999999999999999,1.1666666666666665,1.6666666666666665
120,CZO事前3以下,3.0,4.5,-0.3500000000000001,-0.55,0.19999999999999996,-0.3999999999999999,-0.30000000000000027,-0.3333333333333335,-0.6666666666666666
121,CZO事前3超,4.1,6.833333333333333,-0.10000000000000009,0.0,-0.10000000000000009,-0.20000000000000018,0.0,0.08333333333333348,0.5833333333333335
122,CZO事前3以下,1.9,3.1666666666666665,0.15000000000000036,-0.19999999999999973,0.3500000000000001,0.40000000000000036,-0.09999999999999964,-0.08333333333333304,-0.08333333333333304
123,CZO事前3超,3.3,3.3333333333333335,-0.4999999999999999,-0.6499999999999999,0.15000000000000002,-0.2999999999999998,-0.7,0.08333333333333348,-0.6666666666666665
124,CZO事前3以下,2.9,3.1666666666666665,0.20000000000000018,0.3500000000000003,-0.15000000000000013,0.10000000000000009,0.30000000000000027,0.75,0.75
125,CZO事前3以下,2.9,4.333333333333333,0.20000000000000018,0.30000000000000027,-0.10000000000000009,0.30000000000000027,0.10000000000000009,0.6666666666666667,0.5833333333333335
126,CZO事前3以下,2.8,3.6666666666666665,0.10000000000000009,0.10000000000000009,0.0,0.10000000000000009,0.10000000000000009,4.440892098500626e-16,-0.08333333333333304
