participant_id,video_no,conflict,action,score,score_type,target_kind,scale,item_no,item_text
12,1,葛藤あり,行動あり,4.666666666666667,post,scale,勇気尺度,,
13,1,葛藤あり,行動あり,3.3333333333333335,post,scale,勇気尺度,,
21,1,葛藤あり,行動あり,3.8333333333333335,post,scale,勇気尺度,,
26,1,葛藤あり,行動あり,3.8333333333333335,post,scale,勇気尺度,,
27,1,葛藤あり,行動あり,1.8333333333333333,post,scale,勇気尺度,,
31,1,葛藤あり,行動あり,3.3333333333333335,post,scale,勇気尺度,,
38,1,葛藤あり,行動あり,3.3333333333333335,post,scale,勇気尺度,,
39,1,葛藤あり,行動あり,1.6666666666666667,post,scale,勇気尺度,,
40,1,葛藤あり,行動あり,3.0,post,scale,勇気尺度,,
49,1,葛藤あり,行動あり,4.166666666666667,post,scale,勇気尺度,,
50,1,葛藤あり,行動あり,3.8333333333333335,post,scale,勇気尺度,,
54,1,葛藤あり,行動あり,4.0,post,scale,勇気尺度,,
70,1,葛藤あり,行動あり,2.6666666666666665,post,scale,勇気尺度,,
73,1,葛藤あり,行動あり,4.0,post,scale,勇気尺度,,
75,1,葛藤あり,行動あり,3.3333333333333335,post,scale,勇気尺度,,
78,1,葛藤あり,行動あり,4.333333333333333,post,scale,勇気尺度,,
80,1,葛藤あり,行動あり,3.8333333333333335,post,scale,勇気尺度,,
84,1,葛藤あり,行動あり,2.1666666666666665,post,scale,勇気尺度,,
85,1,葛藤あり,行動あり,1.1666666666666667,post,scale,勇気尺度,,
93,1,葛藤あり,行動あり,5.0,post,scale,勇気尺度,,
99,1,葛藤あり,行動あり,3.5,post,scale,勇気尺度,,
119,1,葛藤あり,行動あり,2.1666666666666665,post,scale,勇気尺度,,
12,1,葛藤あり,行動あり,0.666666666666667,diff,scale,勇気尺度,,
13,1,葛藤あり,行動あり,0.16666666666666696,diff,scale,勇気尺度,,
21,1,葛藤あり,行動あり,0.3333333333333335,diff,scale,勇気尺度,,
26,1,葛藤あり,行動あり,0.16666666666666696,diff,scale,勇気尺度,,
27,1,葛藤あり,行動あり,0.5,diff,scale,勇気尺度,,
31,1,葛藤あり,行動あり,-0.16666666666666652,diff,scale,勇気尺度,,
38,1,葛藤あり,行動あり,-0.5,diff,scale,勇気尺度,,
39,1,葛藤あり,行動あり,0.16666666666666674,diff,scale,勇気尺度,,
40,1,葛藤あり,行動あり,0.6666666666666665,diff,scale,勇気尺度,,
49,1,葛藤あり,行動あり,0.5000000000000004,diff,scale,勇気尺度,,
50,1,葛藤あり,行動あり,-0.6666666666666665,diff,scale,勇気尺度,,
54,1,葛藤あり,行動あり,0.6666666666666665,diff,scale,勇気尺度,,
70,1,葛藤あり,行動あり,0.0,diff,scale,勇気尺度,,
73,1,葛藤あり,行動あり,-0.5,diff,scale,勇気尺度,,
75,1,葛藤あり,行動あり,1.5000000000000002,diff,scale,勇気尺度,,
78,1,葛藤あり,行動あり,0.16666666666666607,diff,scale,勇気尺度,,
80,1,葛藤あり,行動あり,-0.3333333333333335,diff,scale,勇気尺度,,
84,1,葛藤あり,行動あり,0.33333333333333326,diff,scale,勇気尺度,,
85,1,葛藤あり,行動あり,-1.3333333333333333,diff,scale,勇気尺度,,
93,1,葛藤あり,行動あり,1.0,diff,scale,勇気尺度,,
99,1,葛藤あり,行動あり,0.0,diff,scale,勇気尺度,,
119,1,葛藤あり,行動あり,-0.3333333333333335,diff,scale,勇気尺度,,
12,2,葛藤あり,行動なし,4.166666666666667,post,scale,勇気尺度,,
13,2,葛藤あり,行動なし,3.0,post,scale,勇気尺度,,
21,2,葛藤あり,行動なし,4.0,post,scale,勇気尺度,,
26,2,葛藤あり,行動なし,4.166666666666667,post,scale,勇気尺度,,
27,2,葛藤あり,行動なし,1.5,post,scale,勇気尺度,,
31,2,葛藤あり,行動なし,3.3333333333333335,post,scale,勇気尺度,,
38,2,葛藤あり,行動なし,3.1666666666666665,post,scale,勇気尺度,,
39,2,葛藤あり,行動なし,1.8333333333333333,post,scale,勇気尺度,,
40,2,葛藤あり,行動なし,3.0,post,scale,勇気尺度,,
49,2,葛藤あり,行動なし,4.166666666666667,post,scale,勇気尺度,,
50,2,葛藤あり,行動なし,3.8333333333333335,post,scale,勇気尺度,,
54,2,葛藤あり,行動なし,4.0,post,scale,勇気尺度,,
70,2,葛藤あり,行動なし,2.8333333333333335,post,scale,勇気尺度,,
73,2,葛藤あり,行動なし,4.0,post,scale,勇気尺度,,
75,2,葛藤あり,行動なし,4.166666666666667,post,scale,勇気尺度,,
78,2,葛藤あり,行動なし,4.0,post,scale,勇気尺度,,
80,2,葛藤あり,行動なし,3.8333333333333335,post,scale,勇気尺度,,
84,2,葛藤あり,行動なし,2.3333333333333335,post,scale,勇気尺度,,
85,2,葛藤あり,行動なし,1.5,post,scale,勇気尺度,,
93,2,葛藤あり,行動なし,5.333333333333333,post,scale,勇気尺度,,
99,2,葛藤あり,行動なし,2.8333333333333335,post,scale,勇気尺度,,
119,2,葛藤あり,行動なし,2.1666666666666665,post,scale,勇気尺度,,
12,2,葛藤あり,行動なし,0.16666666666666696,diff,scale,勇気尺度,,
13,2,葛藤あり,行動なし,-0.16666666666666652,diff,scale,勇気尺度,,
21,2,葛藤あり,行動なし,0.5,diff,scale,勇気尺度,,
26,2,葛藤あり,行動なし,0.5000000000000004,diff,scale,勇気尺度,,
27,2,葛藤あり,行動なし,0.16666666666666674,diff,scale,勇気尺度,,
31,2,葛藤あり,行動なし,-0.16666666666666652,diff,scale,勇気尺度,,
38,2,葛藤あり,行動なし,-0.666666666666667,diff,scale,勇気尺度,,
39,2,葛藤あり,行動なし,0.33333333333333326,diff,scale,勇気尺度,,
40,2,葛藤あり,行動なし,0.6666666666666665,diff,scale,勇気尺度,,
49,2,葛藤あり,行動なし,0.5000000000000004,diff,scale,勇気尺度,,
50,2,葛藤あり,行動なし,-0.6666666666666665,diff,scale,勇気尺度,,
54,2,葛藤あり,行動なし,0.6666666666666665,diff,scale,勇気尺度,,
70,2,葛藤あり,行動なし,0.16666666666666696,diff,scale,勇気尺度,,
73,2,葛藤あり,行動なし,-0.5,diff,scale,勇気尺度,,
75,2,葛藤あり,行動なし,2.333333333333334,diff,scale,勇気尺度,,
78,2,葛藤あり,行動なし,-0.16666666666666696,diff,scale,勇気尺度,,
80,2,葛藤あり,行動なし,-0.3333333333333335,diff,scale,勇気尺度,,
84,2,葛藤あり,行動なし,0.5000000000000002,diff,scale,勇気尺度,,
85,2,葛藤あり,行動なし,-1.0,diff,scale,勇気尺度,,
93,2,葛藤あり,行動なし,1.333333333333333,diff,scale,勇気尺度,,
99,2,葛藤あり,行動なし,-0.6666666666666665,diff,scale,勇気尺度,,
119,2,葛藤あり,行動なし,-0.3333333333333335,diff,scale,勇気尺度,,
12,3,葛藤なし,行動あり,4.5,post,scale,勇気尺度,,
13,3,葛藤なし,行動あり,3.0,post,scale,勇気尺度,,
21,3,葛藤なし,行動あり,3.1666666666666665,post,scale,勇気尺度,,
26,3,葛藤なし,行動あり,2.8333333333333335,post,scale,勇気尺度,,
27,3,葛藤なし,行動あり,1.3333333333333333,post,scale,勇気尺度,,
31,3,葛藤なし,行動あり,2.5,post,scale,勇気尺度,,
38,3,葛藤なし,行動あり,3.0,post,scale,勇気尺度,,
39,3,葛藤なし,行動あり,1.5,post,scale,勇気尺度,,
40,3,葛藤なし,行動あり,2.6666666666666665,post,scale,勇気尺度,,
49,3,葛藤なし,行動あり,3.0,post,scale,勇気尺度,,
50,3,葛藤なし,行動あり,3.5,post,scale,勇気尺度,,
54,3,葛藤なし,行動あり,3.0,post,scale,勇気尺度,,
70,3,葛藤なし,行動あり,2.5,post,scale,勇気尺度,,
73,3,葛藤なし,行動あり,2.6666666666666665,post,scale,勇気尺度,,
75,3,葛藤なし,行動あり,2.3333333333333335,post,scale,勇気尺度,,
78,3,葛藤なし,行動あり,3.8333333333333335,post,scale,勇気尺度,,
80,3,葛藤なし,行動あり,3.6666666666666665,post,scale,勇気尺度,,
84,3,葛藤なし,行動あり,2.0,post,scale,勇気尺度,,
85,3,葛藤なし,行動あり,1.0,post,scale,勇気尺度,,
93,3,葛藤なし,行動あり,4.5,post,scale,勇気尺度,,
99,3,葛藤なし,行動あり,3.1666666666666665,post,scale,勇気尺度,,
119,3,葛藤なし,行動あり,1.6666666666666667,post,scale,勇気尺度,,
12,3,葛藤なし,行動あり,0.5,diff,scale,勇気尺度,,
13,3,葛藤なし,行動あり,-0.16666666666666652,diff,scale,勇気尺度,,
21,3,葛藤なし,行動あり,-0.3333333333333335,diff,scale,勇気尺度,,
26,3,葛藤なし,行動あり,-0.833333333333333,diff,scale,勇気尺度,,
27,3,葛藤なし,行動あり,0.0,diff,scale,勇気尺度,,
31,3,葛藤なし,行動あり,-1.0,diff,scale,勇気尺度,,
38,3,葛藤なし,行動あり,-0.8333333333333335,diff,scale,勇気尺度,,
39,3,葛藤なし,行動あり,0.0,diff,scale,勇気尺度,,
40,3,葛藤なし,行動あり,0.33333333333333304,diff,scale,勇気尺度,,
49,3,葛藤なし,行動あり,-0.6666666666666665,diff,scale,勇気尺度,,
50,3,葛藤なし,行動あり,-1.0,diff,scale,勇気尺度,,
54,3,葛藤なし,行動あり,-0.3333333333333335,diff,scale,勇気尺度,,
70,3,葛藤なし,行動あり,-0.16666666666666652,diff,scale,勇気尺度,,
73,3,葛藤なし,行動あり,-1.8333333333333335,diff,scale,勇気尺度,,
75,3,葛藤なし,行動あり,0.5000000000000002,diff,scale,勇気尺度,,
78,3,葛藤なし,行動あり,-0.3333333333333335,diff,scale,勇気尺度,,
80,3,葛藤なし,行動あり,-0.5000000000000004,diff,scale,勇気尺度,,
84,3,葛藤なし,行動あり,0.16666666666666674,diff,scale,勇気尺度,,
85,3,葛藤なし,行動あり,-1.5,diff,scale,勇気尺度,,
93,3,葛藤なし,行動あり,0.5,diff,scale,勇気尺度,,
99,3,葛藤なし,行動あり,-0.3333333333333335,diff,scale,勇気尺度,,
119,3,葛藤なし,行動あり,-0.8333333333333333,diff,scale,勇気尺度,,
12,4,葛藤なし,行動なし,4.0,post,scale,勇気尺度,,
13,4,葛藤なし,行動なし,2.6666666666666665,post,scale,勇気尺度,,
21,4,葛藤なし,行動なし,3.6666666666666665,post,scale,勇気尺度,,
26,4,葛藤なし,行動なし,3.6666666666666665,post,scale,勇気尺度,,
27,4,葛藤なし,行動なし,1.3333333333333333,post,scale,勇気尺度,,
31,4,葛藤なし,行動なし,2.6666666666666665,post,scale,勇気尺度,,
38,4,葛藤なし,行動なし,3.0,post,scale,勇気尺度,,
39,4,葛藤なし,行動なし,1.6666666666666667,post,scale,勇気尺度,,
40,4,葛藤なし,行動なし,2.5,post,scale,勇気尺度,,
49,4,葛藤なし,行動なし,3.1666666666666665,post,scale,勇気尺度,,
50,4,葛藤なし,行動なし,3.1666666666666665,post,scale,勇気尺度,,
54,4,葛藤なし,行動なし,3.0,post,scale,勇気尺度,,
70,4,葛藤なし,行動なし,2.0,post,scale,勇気尺度,,
73,4,葛藤なし,行動なし,3.1666666666666665,post,scale,勇気尺度,,
75,4,葛藤なし,行動なし,2.6666666666666665,post,scale,勇気尺度,,
78,4,葛藤なし,行動なし,3.5,post,scale,勇気尺度,,
80,4,葛藤なし,行動なし,3.5,post,scale,勇気尺度,,
84,4,葛藤なし,行動なし,1.6666666666666667,post,scale,勇気尺度,,
85,4,葛藤なし,行動なし,1.0,post,scale,勇気尺度,,
93,4,葛藤なし,行動なし,5.166666666666667,post,scale,勇気尺度,,
99,4,葛藤なし,行動なし,2.6666666666666665,post,scale,勇気尺度,,
119,4,葛藤なし,行動なし,2.0,post,scale,勇気尺度,,
12,4,葛藤なし,行動なし,0.0,diff,scale,勇気尺度,,
13,4,葛藤なし,行動なし,-0.5,diff,scale,勇気尺度,,
21,4,葛藤なし,行動なし,0.16666666666666652,diff,scale,勇気尺度,,
26,4,葛藤なし,行動なし,0.0,diff,scale,勇気尺度,,
27,4,葛藤なし,行動なし,0.0,diff,scale,勇気尺度,,
31,4,葛藤なし,行動なし,-0.8333333333333335,diff,scale,勇気尺度,,
38,4,葛藤なし,行動なし,-0.8333333333333335,diff,scale,勇気尺度,,
39,4,葛藤なし,行動なし,0.16666666666666674,diff,scale,勇気尺度,,
40,4,葛藤なし,行動なし,0.16666666666666652,diff,scale,勇気尺度,,
49,4,葛藤なし,行動なし,-0.5,diff,scale,勇気尺度,,
50,4,葛藤なし,行動なし,-1.3333333333333335,diff,scale,勇気尺度,,
54,4,葛藤なし,行動なし,-0.3333333333333335,diff,scale,勇気尺度,,
70,4,葛藤なし,行動なし,-0.6666666666666665,diff,scale,勇気尺度,,
73,4,葛藤なし,行動なし,-1.3333333333333335,diff,scale,勇気尺度,,
75,4,葛藤なし,行動なし,0.8333333333333333,diff,scale,勇気尺度,,
78,4,葛藤なし,行動なし,-0.666666666666667,diff,scale,勇気尺度,,
80,4,葛藤なし,行動なし,-0.666666666666667,diff,scale,勇気尺度,,
84,4,葛藤なし,行動なし,-0.16666666666666652,diff,scale,勇気尺度,,
85,4,葛藤なし,行動なし,-1.5,diff,scale,勇気尺度,,
93,4,葛藤なし,行動なし,1.166666666666667,diff,scale,勇気尺度,,
99,4,葛藤なし,行動なし,-0.8333333333333335,diff,scale,勇気尺度,,
119,4,葛藤なし,行動なし,-0.5,diff,scale,勇気尺度,,
12,1,葛藤あり,行動あり,2.7,post,scale,CZO尺度,,
13,1,葛藤あり,行動あり,2.4,post,scale,CZO尺度,,
21,1,葛藤あり,行動あり,3.1,post,scale,CZO尺度,,
26,1,葛藤あり,行動あり,3.0,post,scale,CZO尺度,,
27,1,葛藤あり,行動あり,2.5,post,scale,CZO尺度,,
31,1,葛藤あり,行動あり,3.0,post,scale,CZO尺度,,
38,1,葛藤あり,行動あり,3.6,post,scale,CZO尺度,,
39,1,葛藤あり,行動あり,2.6,post,scale,CZO尺度,,
40,1,葛藤あり,行動あり,3.0,post,scale,CZO尺度,,
49,1,葛藤あり,行動あり,2.8,post,scale,CZO尺度,,
50,1,葛藤あり,行動あり,3.0,post,scale,CZO尺度,,
54,1,葛藤あり,行動あり,2.2,post,scale,CZO尺度,,
70,1,葛藤あり,行動あり,3.1,post,scale,CZO尺度,,
73,1,葛藤あり,行動あり,2.7,post,scale,CZO尺度,,
75,1,葛藤あり,行動あり,2.8,post,scale,CZO尺度,,
78,1,葛藤あり,行動あり,3.6,post,scale,CZO尺度,,
80,1,葛藤あり,行動あり,3.1,post,scale,CZO尺度,,
84,1,葛藤あり,行動あり,2.1,post,scale,CZO尺度,,
85,1,葛藤あり,行動あり,1.4,post,scale,CZO尺度,,
93,1,葛藤あり,行動あり,3.0,post,scale,CZO尺度,,
99,1,葛藤あり,行動あり,2.9,post,scale,CZO尺度,,
119,1,葛藤あり,行動あり,2.2,post,scale,CZO尺度,,
12,1,葛藤あり,行動あり,0.10000000000000009,diff,scale,CZO尺度,,
13,1,葛藤あり,行動あり,0.3999999999999999,diff,scale,CZO尺度,,
21,1,葛藤あり,行動あり,0.10000000000000009,diff,scale,CZO尺度,,
26,1,葛藤あり,行動あり,0.2999999999999998,diff,scale,CZO尺度,,
27,1,葛藤あり,行動あり,0.3999999999999999,diff,scale,CZO尺度,,
31,1,葛藤あり,行動あり,0.0,diff,scale,CZO尺度,,
38,1,葛藤あり,行動あり,0.5,diff,scale,CZO尺度,,
39,1,葛藤あり,行動あり,0.6000000000000001,diff,scale,CZO尺度,,
40,1,葛藤あり,行動あり,0.3999999999999999,diff,scale,CZO尺度,,
49,1,葛藤あり,行動あり,-0.40000000000000036,diff,scale,CZO尺度,,
50,1,葛藤あり,行動あり,0.10000000000000009,diff,scale,CZO尺度,,
54,1,葛藤あり,行動あり,0.5000000000000002,diff,scale,CZO尺度,,
70,1,葛藤あり,行動あり,-0.10000000000000009,diff,scale,CZO尺度,,
73,1,葛藤あり,行動あり,-0.19999999999999973,diff,scale,CZO尺度,,
75,1,葛藤あり,行動あり,-0.30000000000000027,diff,scale,CZO尺度,,
78,1,葛藤あり,行動あり,0.10000000000000009,diff,scale,CZO尺度,,
80,1,葛藤あり,行動あり,-0.19999999999999973,diff,scale,CZO尺度,,
84,1,葛藤あり,行動あり,-0.19999999999999973,diff,scale,CZO尺度,,
85,1,葛藤あり,行動あり,-0.6000000000000001,diff,scale,CZO尺度,,
93,1,葛藤あり,行動あり,-0.10000000000000009,diff,scale,CZO尺度,,
99,1,葛藤あり,行動あり,0.5,diff,scale,CZO尺度,,
119,1,葛藤あり,行動あり,-0.3999999999999999,diff,scale,CZO尺度,,
12,2,葛藤あり,行動なし,2.8,post,scale,CZO尺度,,
13,2,葛藤あり,行動なし,2.2,post,scale,CZO尺度,,
21,2,葛藤あり,行動なし,3.0,post,scale,CZO尺度,,
26,2,葛藤あり,行動なし,2.8,post,scale,CZO尺度,,
27,2,葛藤あり,行動なし,2.4,post,scale,CZO尺度,,
31,2,葛藤あり,行動なし,3.1,post,scale,CZO尺度,,
38,2,葛藤あり,行動なし,3.2,post,scale,CZO尺度,,
39,2,葛藤あり,行動なし,1.6,post,scale,CZO尺度,,
40,2,葛藤あり,行動なし,3.0,post,scale,CZO尺度,,
49,2,葛藤あり,行動なし,3.3,post,scale,CZO尺度,,
50,2,葛藤あり,行動なし,3.1,post,scale,CZO尺度,,
54,2,葛藤あり,行動なし,2.2,post,scale,CZO尺度,,
70,2,葛藤あり,行動なし,2.9,post,scale,CZO尺度,,
73,2,葛藤あり,行動なし,2.6,post,scale,CZO尺度,,
75,2,葛藤あり,行動なし,2.9,post,scale,CZO尺度,,
78,2,葛藤あり,行動なし,3.5,post,scale,CZO尺度,,
80,2,葛藤あり,行動なし,2.9,post,scale,CZO尺度,,
84,2,葛藤あり,行動なし,2.7,post,scale,CZO尺度,,
85,2,葛藤あり,行動なし,1.1,post,scale,CZO尺度,,
93,2,葛藤あり,行動なし,3.1,post,scale,CZO尺度,,
99,2,葛藤あり,行動なし,3.0,post,scale,CZO尺度,,
119,2,葛藤あり,行動なし,2.3,post,scale,CZO尺度,,
12,2,葛藤あり,行動なし,0.19999999999999973,diff,scale,CZO尺度,,
13,2,葛藤あり,行動なし,0.20000000000000018,diff,scale,CZO尺度,,
21,2,葛藤あり,行動なし,0.0,diff,scale,CZO尺度,,
26,2,葛藤あり,行動なし,0.09999999999999964,diff,scale,CZO尺度,,
27,2,葛藤あり,行動なし,0.2999999999999998,diff,scale,CZO尺度,,
31,2,葛藤あり,行動なし,0.10000000000000009,diff,scale,CZO尺度,,
38,2,葛藤あり,行動なし,0.10000000000000009,diff,scale,CZO尺度,,
39,2,葛藤あり,行動なし,-0.3999999999999999,diff,scale,CZO尺度,,
40,2,葛藤あり,行動なし,0.3999999999999999,diff,scale,CZO尺度,,
49,2,葛藤あり,行動なし,0.09999999999999964,diff,scale,CZO尺度,,
50,2,葛藤あり,行動なし,0.20000000000000018,diff,scale,CZO尺度,,
54,2,葛藤あり,行動なし,0.5000000000000002,diff,scale,CZO尺度,,
70,2,葛藤あり,行動なし,-0.30000000000000027,diff,scale,CZO尺度,,
73,2,葛藤あり,行動なし,-0.2999999999999998,diff,scale,CZO尺度,,
75,2,葛藤あり,行動なし,-0.20000000000000018,diff,scale,CZO尺度,,
78,2,葛藤あり,行動なし,0.0,diff,scale,CZO尺度,,
80,2,葛藤あり,行動なし,-0.3999999999999999,diff,scale,CZO尺度,,
84,2,葛藤あり,行動なし,0.40000000000000036,diff,scale,CZO尺度,,
85,2,葛藤あり,行動なし,-0.8999999999999999,diff,scale,CZO尺度,,
93,2,葛藤あり,行動なし,0.0,diff,scale,CZO尺度,,
99,2,葛藤あり,行動なし,0.6000000000000001,diff,scale,CZO尺度,,
119,2,葛藤あり,行動なし,-0.30000000000000027,diff,scale,CZO尺度,,
12,3,葛藤なし,行動あり,2.8,post,scale,CZO尺度,,
13,3,葛藤なし,行動あり,2.6,post,scale,CZO尺度,,
21,3,葛藤なし,行動あり,3.1,post,scale,CZO尺度,,
26,3,葛藤なし,行動あり,3.0,post,scale,CZO尺度,,
27,3,葛藤なし,行動あり,2.5,post,scale,CZO尺度,,
31,3,葛藤なし,行動あり,2.9,post,scale,CZO尺度,,
38,3,葛藤なし,行動あり,3.8,post,scale,CZO尺度,,
39,3,葛藤なし,行動あり,2.6,post,scale,CZO尺度,,
40,3,葛藤なし,行動あり,3.0,post,scale,CZO尺度,,
49,3,葛藤なし,行動あり,2.9,post,scale,CZO尺度,,
50,3,葛藤なし,行動あり,3.1,post,scale,CZO尺度,,
54,3,葛藤なし,行動あり,2.2,post,scale,CZO尺度,,
70,3,葛藤なし,行動あり,2.8,post,scale,CZO尺度,,
73,3,葛藤なし,行動あり,2.9,post,scale,CZO尺度,,
75,3,葛藤なし,行動あり,3.1,post,scale,CZO尺度,,
78,3,葛藤なし,行動あり,3.7,post,scale,CZO尺度,,
80,3,葛藤なし,行動あり,2.9,post,scale,CZO尺度,,
84,3,葛藤なし,行動あり,2.4,post,scale,CZO尺度,,
85,3,葛藤なし,行動あり,1.4,post,scale,CZO尺度,,
93,3,葛藤なし,行動あり,3.1,post,scale,CZO尺度,,
99,3,葛藤なし,行動あり,3.1,post,scale,CZO尺度,,
119,3,葛藤なし,行動あり,2.1,post,scale,CZO尺度,,
12,3,葛藤なし,行動あり,0.19999999999999973,diff,scale,CZO尺度,,
13,3,葛藤なし,行動あり,0.6000000000000001,diff,scale,CZO尺度,,
21,3,葛藤なし,行動あり,0.10000000000000009,diff,scale,CZO尺度,,
26,3,葛藤なし,行動あり,0.2999999999999998,diff,scale,CZO尺度,,
27,3,葛藤なし,行動あり,0.3999999999999999,diff,scale,CZO尺度,,
31,3,葛藤なし,行動あり,-0.10000000000000009,diff,scale,CZO尺度,,
38,3,葛藤なし,行動あり,0.6999999999999997,diff,scale,CZO尺度,,
39,3,葛藤なし,行動あり,0.6000000000000001,diff,scale,CZO尺度,,
40,3,葛藤なし,行動あり,0.3999999999999999,diff,scale,CZO尺度,,
49,3,葛藤なし,行動あり,-0.30000000000000027,diff,scale,CZO尺度,,
50,3,葛藤なし,行動あり,0.20000000000000018,diff,scale,CZO尺度,,
54,3,葛藤なし,行動あり,0.5000000000000002,diff,scale,CZO尺度,,
70,3,葛藤なし,行動あり,-0.40000000000000036,diff,scale,CZO尺度,,
73,3,葛藤なし,行動あり,0.0,diff,scale,CZO尺度,,
75,3,葛藤なし,行動あり,0.0,diff,scale,CZO尺度,,
78,3,葛藤なし,行動あり,0.20000000000000018,diff,scale,CZO尺度,,
80,3,葛藤なし,行動あり,-0.3999999999999999,diff,scale,CZO尺度,,
84,3,葛藤なし,行動あり,0.10000000000000009,diff,scale,CZO尺度,,
85,3,葛藤なし,行動あり,-0.6000000000000001,diff,scale,CZO尺度,,
93,3,葛藤なし,行動あり,0.0,diff,scale,CZO尺度,,
99,3,葛藤なし,行動あり,0.7000000000000002,diff,scale,CZO尺度,,
119,3,葛藤なし,行動あり,-0.5,diff,scale,CZO尺度,,
12,4,葛藤なし,行動なし,3.0,post,scale,CZO尺度,,
13,4,葛藤なし,行動なし,2.5,post,scale,CZO尺度,,
21,4,葛藤なし,行動なし,2.8,post,scale,CZO尺度,,
26,4,葛藤なし,行動なし,2.6,post,scale,CZO尺度,,
27,4,葛藤なし,行動なし,2.5,post,scale,CZO尺度,,
31,4,葛藤なし,行動なし,3.1,post,scale,CZO尺度,,
38,4,葛藤なし,行動なし,3.6,post,scale,CZO尺度,,
39,4,葛藤なし,行動なし,2.3,post,scale,CZO尺度,,
40,4,葛藤なし,行動なし,3.0,post,scale,CZO尺度,,
49,4,葛藤なし,行動なし,2.9,post,scale,CZO尺度,,
50,4,葛藤なし,行動なし,3.0,post,scale,CZO尺度,,
54,4,葛藤なし,行動なし,2.4,post,scale,CZO尺度,,
70,4,葛藤なし,行動なし,2.8,post,scale,CZO尺度,,
73,4,葛藤なし,行動なし,2.8,post,scale,CZO尺度,,
75,4,葛藤なし,行動なし,3.0,post,scale,CZO尺度,,
78,4,葛藤なし,行動なし,3.6,post,scale,CZO尺度,,
80,4,葛藤なし,行動なし,2.8,post,scale,CZO尺度,,
84,4,葛藤なし,行動なし,2.5,post,scale,CZO尺度,,
85,4,葛藤なし,行動なし,1.8,post,scale,CZO尺度,,
93,4,葛藤なし,行動なし,3.0,post,scale,CZO尺度,,
99,4,葛藤なし,行動なし,3.0,post,scale,CZO尺度,,
119,4,葛藤なし,行動なし,2.0,post,scale,CZO尺度,,
12,4,葛藤なし,行動なし,0.3999999999999999,diff,scale,CZO尺度,,
13,4,葛藤なし,行動なし,0.5,diff,scale,CZO尺度,,
21,4,葛藤なし,行動なし,-0.20000000000000018,diff,scale,CZO尺度,,
26,4,葛藤なし,行動なし,-0.10000000000000009,diff,scale,CZO尺度,,
27,4,葛藤なし,行動なし,0.3999999999999999,diff,scale,CZO尺度,,
31,4,葛藤なし,行動なし,0.10000000000000009,diff,scale,CZO尺度,,
38,4,葛藤なし,行動なし,0.5,diff,scale,CZO尺度,,
39,4,葛藤なし,行動なし,0.2999999999999998,diff,scale,CZO尺度,,
40,4,葛藤なし,行動なし,0.3999999999999999,diff,scale,CZO尺度,,
49,4,葛藤なし,行動なし,-0.30000000000000027,diff,scale,CZO尺度,,
50,4,葛藤なし,行動なし,0.10000000000000009,diff,scale,CZO尺度,,
54,4,葛藤なし,行動なし,0.7,diff,scale,CZO尺度,,
70,4,葛藤なし,行動なし,-0.40000000000000036,diff,scale,CZO尺度,,
73,4,葛藤なし,行動なし,-0.10000000000000009,diff,scale,CZO尺度,,
75,4,葛藤なし,行動なし,-0.10000000000000009,diff,scale,CZO尺度,,
78,4,葛藤なし,行動なし,0.10000000000000009,diff,scale,CZO尺度,,
80,4,葛藤なし,行動なし,-0.5,diff,scale,CZO尺度,,
84,4,葛藤なし,行動なし,0.20000000000000018,diff,scale,CZO尺度,,
85,4,葛藤なし,行動なし,-0.19999999999999996,diff,scale,CZO尺度,,
93,4,葛藤なし,行動なし,-0.10000000000000009,diff,scale,CZO尺度,,
99,4,葛藤なし,行動なし,0.6000000000000001,diff,scale,CZO尺度,,
119,4,葛藤なし,行動なし,-0.6000000000000001,diff,scale,CZO尺度,,
12,1,葛藤あり,行動あり,2.0,post,scale,葛藤尺度,,
13,1,葛藤あり,行動あり,6.75,post,scale,葛藤尺度,,
21,1,葛藤あり,行動あり,3.25,post,scale,葛藤尺度,,
26,1,葛藤あり,行動あり,3.0,post,scale,葛藤尺度,,
27,1,葛藤あり,行動あり,4.75,post,scale,葛藤尺度,,
31,1,葛藤あり,行動あり,2.5,post,scale,葛藤尺度,,
38,1,葛藤あり,行動あり,5.75,post,scale,葛藤尺度,,
39,1,葛藤あり,行動あり,3.75,post,scale,葛藤尺度,,
40,1,葛藤あり,行動あり,6.0,post,scale,葛藤尺度,,
49,1,葛藤あり,行動あり,3.0,post,scale,葛藤尺度,,
50,1,葛藤あり,行動あり,5.0,post,scale,葛藤尺度,,
54,1,葛藤あり,行動あり,4.75,post,scale,葛藤尺度,,
70,1,葛藤あり,行動あり,5.0,post,scale,葛藤尺度,,
73,1,葛藤あり,行動あり,3.25,post,scale,葛藤尺度,,
75,1,葛藤あり,行動あり,4.5,post,scale,葛藤尺度,,
78,1,葛藤あり,行動あり,5.25,post,scale,葛藤尺度,,
80,1,葛藤あり,行動あり,6.0,post,scale,葛藤尺度,,
84,1,葛藤あり,行動あり,3.5,post,scale,葛藤尺度,,
85,1,葛藤あり,行動あり,6.25,post,scale,葛藤尺度,,
93,1,葛藤あり,行動あり,4.75,post,scale,葛藤尺度,,
99,1,葛藤あり,行動あり,4.75,post,scale,葛藤尺度,,
119,1,葛藤あり,行動あり,5.5,post,scale,葛藤尺度,,
12,2,葛藤あり,行動なし,3.25,post,scale,葛藤尺度,,
13,2,葛藤あり,行動なし,6.0,post,scale,葛藤尺度,,
21,2,葛藤あり,行動なし,3.75,post,scale,葛藤尺度,,
26,2,葛藤あり,行動なし,3.5,post,scale,葛藤尺度,,
27,2,葛藤あり,行動なし,6.5,post,scale,葛藤尺度,,
31,2,葛藤あり,行動なし,3.0,post,scale,葛藤尺度,,
38,2,葛藤あり,行動なし,6.25,post,scale,葛藤尺度,,
39,2,葛藤あり,行動なし,3.75,post,scale,葛藤尺度,,
40,2,葛藤あり,行動なし,6.0,post,scale,葛藤尺度,,
49,2,葛藤あり,行動なし,4.5,post,scale,葛藤尺度,,
50,2,葛藤あり,行動なし,5.25,post,scale,葛藤尺度,,
54,2,葛藤あり,行動なし,5.0,post,scale,葛藤尺度,,
70,2,葛藤あり,行動なし,5.0,post,scale,葛藤尺度,,
73,2,葛藤あり,行動なし,2.75,post,scale,葛藤尺度,,
75,2,葛藤あり,行動なし,4.25,post,scale,葛藤尺度,,
78,2,葛藤あり,行動なし,5.25,post,scale,葛藤尺度,,
80,2,葛藤あり,行動なし,6.0,post,scale,葛藤尺度,,
84,2,葛藤あり,行動なし,2.75,post,scale,葛藤尺度,,
85,2,葛藤あり,行動なし,6.25,post,scale,葛藤尺度,,
93,2,葛藤あり,行動なし,4.75,post,scale,葛藤尺度,,
99,2,葛藤あり,行動なし,6.25,post,scale,葛藤尺度,,
119,2,葛藤あり,行動なし,5.75,post,scale,葛藤尺度,,
12,3,葛藤なし,行動あり,2.75,post,scale,葛藤尺度,,
13,3,葛藤なし,行動あり,3.5,post,scale,葛藤尺度,,
21,3,葛藤なし,行動あり,3.5,post,scale,葛藤尺度,,
26,3,葛藤なし,行動あり,4.25,post,scale,葛藤尺度,,
27,3,葛藤なし,行動あり,3.0,post,scale,葛藤尺度,,
31,3,葛藤なし,行動あり,2.75,post,scale,葛藤尺度,,
38,3,葛藤なし,行動あり,5.25,post,scale,葛藤尺度,,
39,3,葛藤なし,行動あり,2.25,post,scale,葛藤尺度,,
40,3,葛藤なし,行動あり,6.0,post,scale,葛藤尺度,,
49,3,葛藤なし,行動あり,3.75,post,scale,葛藤尺度,,
50,3,葛藤なし,行動あり,5.25,post,scale,葛藤尺度,,
54,3,葛藤なし,行動あり,5.0,post,scale,葛藤尺度,,
70,3,葛藤なし,行動あり,5.0,post,scale,葛藤尺度,,
73,3,葛藤なし,行動あり,3.25,post,scale,葛藤尺度,,
75,3,葛藤なし,行動あり,4.25,post,scale,葛藤尺度,,
78,3,葛藤なし,行動あり,5.0,post,scale,葛藤尺度,,
80,3,葛藤なし,行動あり,5.0,post,scale,葛藤尺度,,
84,3,葛藤なし,行動あり,2.0,post,scale,葛藤尺度,,
85,3,葛藤なし,行動あり,6.5,post,scale,葛藤尺度,,
93,3,葛藤なし,行動あり,4.5,post,scale,葛藤尺度,,
99,3,葛藤なし,行動あり,3.75,post,scale,葛藤尺度,,
119,3,葛藤なし,行動あり,5.75,post,scale,葛藤尺度,,
12,4,葛藤なし,行動なし,4.75,post,scale,葛藤尺度,,
13,4,葛藤なし,行動なし,4.0,post,scale,葛藤尺度,,
21,4,葛藤なし,行動なし,4.0,post,scale,葛藤尺度,,
26,4,葛藤なし,行動なし,5.25,post,scale,葛藤尺度,,
27,4,葛藤なし,行動なし,3.25,post,scale,葛藤尺度,,
31,4,葛藤なし,行動なし,3.5,post,scale,葛藤尺度,,
38,4,葛藤なし,行動なし,6.25,post,scale,葛藤尺度,,
39,4,葛藤なし,行動なし,2.0,post,scale,葛藤尺度,,
40,4,葛藤なし,行動なし,5.75,post,scale,葛藤尺度,,
49,4,葛藤なし,行動なし,5.0,post,scale,葛藤尺度,,
50,4,葛藤なし,行動なし,5.25,post,scale,葛藤尺度,,
54,4,葛藤なし,行動なし,5.0,post,scale,葛藤尺度,,
70,4,葛藤なし,行動なし,5.0,post,scale,葛藤尺度,,
73,4,葛藤なし,行動なし,3.25,post,scale,葛藤尺度,,
75,4,葛藤なし,行動なし,3.25,post,scale,葛藤尺度,,
78,4,葛藤なし,行動なし,5.0,post,scale,葛藤尺度,,
80,4,葛藤なし,行動なし,3.5,post,scale,葛藤尺度,,
84,4,葛藤なし,行動なし,2.5,post,scale,葛藤尺度,,
85,4,葛藤なし,行動なし,6.5,post,scale,葛藤尺度,,
93,4,葛藤なし,行動なし,5.25,post,scale,葛藤尺度,,
99,4,葛藤なし,行動なし,5.25,post,scale,葛藤尺度,,
119,4,葛藤なし,行動なし,6.25,post,scale,葛藤尺度,,
12,1,葛藤あり,行動あり,5.0,post,item,主観の勇気評定,1,このロボットを見て、自分も挑戦しようと思った。
13,1,葛藤あり,行動あり,3.0,post,item,主観の勇気評定,1,このロボットを見て、自分も挑戦しようと思った。
21,1,葛藤あり,行動あり,3.0,post,item,主観の勇気評定,1,このロボットを見て、自分も挑戦しようと思った。
26,1,葛藤あり,行動あり,4.0,post,item,主観の勇気評定,1,このロボットを見て、自分も挑戦しようと思った。
27,1,葛藤あり,行動あり,2.0,post,item,主観の勇気評定,1,このロボットを見て、自分も挑戦しようと思った。
31,1,葛藤あり,行動あり,3.0,post,item,主観の勇気評定,1,このロボットを見て、自分も挑戦しようと思った。
38,1,葛藤あり,行動あり,5.0,post,item,主観の勇気評定,1,このロボットを見て、自分も挑戦しようと思った。
39,1,葛藤あり,行動あり,1.0,post,item,主観の勇気評定,1,このロボットを見て、自分も挑戦しようと思った。
40,1,葛藤あり,行動あり,3.0,post,item,主観の勇気評定,1,このロボットを見て、自分も挑戦しようと思った。
49,1,葛藤あり,行動あり,5.0,post,item,主観の勇気評定,1,このロボットを見て、自分も挑戦しようと思った。
50,1,葛藤あり,行動あり,5.0,post,item,主観の勇気評定,1,このロボットを見て、自分も挑戦しようと思った。
54,1,葛藤あり,行動あり,4.0,post,item,主観の勇気評定,1,このロボットを見て、自分も挑戦しようと思った。
70,1,葛藤あり,行動あり,2.0,post,item,主観の勇気評定,1,このロボットを見て、自分も挑戦しようと思った。
73,1,葛藤あり,行動あり,4.0,post,item,主観の勇気評定,1,このロボットを見て、自分も挑戦しようと思った。
75,1,葛藤あり,行動あり,2.0,post,item,主観の勇気評定,1,このロボットを見て、自分も挑戦しようと思った。
78,1,葛藤あり,行動あり,4.0,post,item,主観の勇気評定,1,このロボットを見て、自分も挑戦しようと思った。
80,1,葛藤あり,行動あり,3.0,post,item,主観の勇気評定,1,このロボットを見て、自分も挑戦しようと思った。
84,1,葛藤あり,行動あり,1.0,post,item,主観の勇気評定,1,このロボットを見て、自分も挑戦しようと思った。
85,1,葛藤あり,行動あり,3.0,post,item,主観の勇気評定,1,このロボットを見て、自分も挑戦しようと思った。
93,1,葛藤あり,行動あり,5.0,post,item,主観の勇気評定,1,このロボットを見て、自分も挑戦しようと思った。
99,1,葛藤あり,行動あり,2.0,post,item,主観の勇気評定,1,このロボットを見て、自分も挑戦しようと思った。
119,1,葛藤あり,行動あり,3.0,post,item,主観の勇気評定,1,このロボットを見て、自分も挑戦しようと思った。
12,1,葛藤あり,行動あり,5.0,post,item,主観の勇気評定,2,このロボットを見た後に、難しいことにも一歩踏み出せそうだと感じた。
13,1,葛藤あり,行動あり,4.0,post,item,主観の勇気評定,2,このロボットを見た後に、難しいことにも一歩踏み出せそうだと感じた。
21,1,葛藤あり,行動あり,4.0,post,item,主観の勇気評定,2,このロボットを見た後に、難しいことにも一歩踏み出せそうだと感じた。
26,1,葛藤あり,行動あり,3.0,post,item,主観の勇気評定,2,このロボットを見た後に、難しいことにも一歩踏み出せそうだと感じた。
27,1,葛藤あり,行動あり,3.0,post,item,主観の勇気評定,2,このロボットを見た後に、難しいことにも一歩踏み出せそうだと感じた。
31,1,葛藤あり,行動あり,3.0,post,item,主観の勇気評定,2,このロボットを見た後に、難しいことにも一歩踏み出せそうだと感じた。
38,1,葛藤あり,行動あり,5.0,post,item,主観の勇気評定,2,このロボットを見た後に、難しいことにも一歩踏み出せそうだと感じた。
39,1,葛藤あり,行動あり,2.0,post,item,主観の勇気評定,2,このロボットを見た後に、難しいことにも一歩踏み出せそうだと感じた。
40,1,葛藤あり,行動あり,3.0,post,item,主観の勇気評定,2,このロボットを見た後に、難しいことにも一歩踏み出せそうだと感じた。
49,1,葛藤あり,行動あり,3.0,post,item,主観の勇気評定,2,このロボットを見た後に、難しいことにも一歩踏み出せそうだと感じた。
50,1,葛藤あり,行動あり,3.0,post,item,主観の勇気評定,2,このロボットを見た後に、難しいことにも一歩踏み出せそうだと感じた。
54,1,葛藤あり,行動あり,4.0,post,item,主観の勇気評定,2,このロボットを見た後に、難しいことにも一歩踏み出せそうだと感じた。
70,1,葛藤あり,行動あり,5.0,post,item,主観の勇気評定,2,このロボットを見た後に、難しいことにも一歩踏み出せそうだと感じた。
73,1,葛藤あり,行動あり,4.0,post,item,主観の勇気評定,2,このロボットを見た後に、難しいことにも一歩踏み出せそうだと感じた。
75,1,葛藤あり,行動あり,3.0,post,item,主観の勇気評定,2,このロボットを見た後に、難しいことにも一歩踏み出せそうだと感じた。
78,1,葛藤あり,行動あり,4.0,post,item,主観の勇気評定,2,このロボットを見た後に、難しいことにも一歩踏み出せそうだと感じた。
80,1,葛藤あり,行動あり,3.0,post,item,主観の勇気評定,2,このロボットを見た後に、難しいことにも一歩踏み出せそうだと感じた。
84,1,葛藤あり,行動あり,1.0,post,item,主観の勇気評定,2,このロボットを見た後に、難しいことにも一歩踏み出せそうだと感じた。
85,1,葛藤あり,行動あり,4.0,post,item,主観の勇気評定,2,このロボットを見た後に、難しいことにも一歩踏み出せそうだと感じた。
93,1,葛藤あり,行動あり,7.0,post,item,主観の勇気評定,2,このロボットを見た後に、難しいことにも一歩踏み出せそうだと感じた。
99,1,葛藤あり,行動あり,3.0,post,item,主観の勇気評定,2,このロボットを見た後に、難しいことにも一歩踏み出せそうだと感じた。
119,1,葛藤あり,行動あり,4.0,post,item,主観の勇気評定,2,このロボットを見た後に、難しいことにも一歩踏み出せそうだと感じた。
12,1,葛藤あり,行動あり,5.0,post,item,主観の勇気評定,3,このロボットから勇気をもらったと感じた。
13,1,葛藤あり,行動あり,5.0,post,item,主観の勇気評定,3,このロボットから勇気をもらったと感じた。
21,1,葛藤あり,行動あり,4.0,post,item,主観の勇気評定,3,このロボットから勇気をもらったと感じた。
26,1,葛藤あり,行動あり,5.0,post,item,主観の勇気評定,3,このロボットから勇気をもらったと感じた。
27,1,葛藤あり,行動あり,2.0,post,item,主観の勇気評定,3,このロボットから勇気をもらったと感じた。
31,1,葛藤あり,行動あり,2.0,post,item,主観の勇気評定,3,このロボットから勇気をもらったと感じた。
38,1,葛藤あり,行動あり,5.0,post,item,主観の勇気評定,3,このロボットから勇気をもらったと感じた。
39,1,葛藤あり,行動あり,2.0,post,item,主観の勇気評定,3,このロボットから勇気をもらったと感じた。
40,1,葛藤あり,行動あり,3.0,post,item,主観の勇気評定,3,このロボットから勇気をもらったと感じた。
49,1,葛藤あり,行動あり,5.0,post,item,主観の勇気評定,3,このロボットから勇気をもらったと感じた。
50,1,葛藤あり,行動あり,4.0,post,item,主観の勇気評定,3,このロボットから勇気をもらったと感じた。
54,1,葛藤あり,行動あり,4.0,post,item,主観の勇気評定,3,このロボットから勇気をもらったと感じた。
70,1,葛藤あり,行動あり,5.0,post,item,主観の勇気評定,3,このロボットから勇気をもらったと感じた。
73,1,葛藤あり,行動あり,4.0,post,item,主観の勇気評定,3,このロボットから勇気をもらったと感じた。
75,1,葛藤あり,行動あり,4.0,post,item,主観の勇気評定,3,このロボットから勇気をもらったと感じた。
78,1,葛藤あり,行動あり,5.0,post,item,主観の勇気評定,3,このロボットから勇気をもらったと感じた。
80,1,葛藤あり,行動あり,5.0,post,item,主観の勇気評定,3,このロボットから勇気をもらったと感じた。
84,1,葛藤あり,行動あり,1.0,post,item,主観の勇気評定,3,このロボットから勇気をもらったと感じた。
85,1,葛藤あり,行動あり,4.0,post,item,主観の勇気評定,3,このロボットから勇気をもらったと感じた。
93,1,葛藤あり,行動あり,5.0,post,item,主観の勇気評定,3,このロボットから勇気をもらったと感じた。
99,1,葛藤あり,行動あり,3.0,post,item,主観の勇気評定,3,このロボットから勇気をもらったと感じた。
119,1,葛藤あり,行動あり,3.0,post,item,主観の勇気評定,3,このロボットから勇気をもらったと感じた。
12,2,葛藤あり,行動なし,5.0,post,item,主観の勇気評定,1,このロボットを見て、自分も挑戦しようと思った。
13,2,葛藤あり,行動なし,3.0,post,item,主観の勇気評定,1,このロボットを見て、自分も挑戦しようと思った。
21,2,葛藤あり,行動なし,3.0,post,item,主観の勇気評定,1,このロボットを見て、自分も挑戦しようと思った。
26,2,葛藤あり,行動なし,5.0,post,item,主観の勇気評定,1,このロボットを見て、自分も挑戦しようと思った。
27,2,葛藤あり,行動なし,1.0,post,item,主観の勇気評定,1,このロボットを見て、自分も挑戦しようと思った。
31,2,葛藤あり,行動なし,3.0,post,item,主観の勇気評定,1,このロボットを見て、自分も挑戦しようと思った。
38,2,葛藤あり,行動なし,2.0,post,item,主観の勇気評定,1,このロボットを見て、自分も挑戦しようと思った。
39,2,葛藤あり,行動なし,2.0,post,item,主観の勇気評定,1,このロボットを見て、自分も挑戦しようと思った。
40,2,葛藤あり,行動なし,3.0,post,item,主観の勇気評定,1,このロボットを見て、自分も挑戦しようと思った。
49,2,葛藤あり,行動なし,4.0,post,item,主観の勇気評定,1,このロボットを見て、自分も挑戦しようと思った。
50,2,葛藤あり,行動なし,5.0,post,item,主観の勇気評定,1,このロボットを見て、自分も挑戦しようと思った。
54,2,葛藤あり,行動なし,4.0,post,item,主観の勇気評定,1,このロボットを見て、自分も挑戦しようと思った。
70,2,葛藤あり,行動なし,2.0,post,item,主観の勇気評定,1,このロボットを見て、自分も挑戦しようと思った。
73,2,葛藤あり,行動なし,4.0,post,item,主観の勇気評定,1,このロボットを見て、自分も挑戦しようと思った。
75,2,葛藤あり,行動なし,3.0,post,item,主観の勇気評定,1,このロボットを見て、自分も挑戦しようと思った。
78,2,葛藤あり,行動なし,2.0,post,item,主観の勇気評定,1,このロボットを見て、自分も挑戦しようと思った。
80,2,葛藤あり,行動なし,2.0,post,item,主観の勇気評定,1,このロボットを見て、自分も挑戦しようと思った。
84,2,葛藤あり,行動なし,1.0,post,item,主観の勇気評定,1,このロボットを見て、自分も挑戦しようと思った。
85,2,葛藤あり,行動なし,2.0,post,item,主観の勇気評定,1,このロボットを見て、自分も挑戦しようと思った。
93,2,葛藤あり,行動なし,5.0,post,item,主観の勇気評定,1,このロボットを見て、自分も挑戦しようと思った。
99,2,葛藤あり,行動なし,2.0,post,item,主観の勇気評定,1,このロボットを見て、自分も挑戦しようと思った。
119,2,葛藤あり,行動なし,2.0,post,item,主観の勇気評定,1,このロボットを見て、自分も挑戦しようと思った。
12,2,葛藤あり,行動なし,5.0,post,item,主観の勇気評定,2,このロボットを見た後に、難しいことにも一歩踏み出せそうだと感じた。
13,2,葛藤あり,行動なし,4.0,post,item,主観の勇気評定,2,このロボットを見た後に、難しいことにも一歩踏み出せそうだと感じた。
21,2,葛藤あり,行動なし,4.0,post,item,主観の勇気評定,2,このロボットを見た後に、難しいことにも一歩踏み出せそうだと感じた。
26,2,葛藤あり,行動なし,5.0,post,item,主観の勇気評定,2,このロボットを見た後に、難しいことにも一歩踏み出せそうだと感じた。
27,2,葛藤あり,行動なし,1.0,post,item,主観の勇気評定,2,このロボットを見た後に、難しいことにも一歩踏み出せそうだと感じた。
31,2,葛藤あり,行動なし,3.0,post,item,主観の勇気評定,2,このロボットを見た後に、難しいことにも一歩踏み出せそうだと感じた。
38,2,葛藤あり,行動なし,2.0,post,item,主観の勇気評定,2,このロボットを見た後に、難しいことにも一歩踏み出せそうだと感じた。
39,2,葛藤あり,行動なし,1.0,post,item,主観の勇気評定,2,このロボットを見た後に、難しいことにも一歩踏み出せそうだと感じた。
40,2,葛藤あり,行動なし,3.0,post,item,主観の勇気評定,2,このロボットを見た後に、難しいことにも一歩踏み出せそうだと感じた。
49,2,葛藤あり,行動なし,4.0,post,item,主観の勇気評定,2,このロボットを見た後に、難しいことにも一歩踏み出せそうだと感じた。
50,2,葛藤あり,行動なし,3.0,post,item,主観の勇気評定,2,このロボットを見た後に、難しいことにも一歩踏み出せそうだと感じた。
54,2,葛藤あり,行動なし,4.0,post,item,主観の勇気評定,2,このロボットを見た後に、難しいことにも一歩踏み出せそうだと感じた。
70,2,葛藤あり,行動なし,2.0,post,item,主観の勇気評定,2,このロボットを見た後に、難しいことにも一歩踏み出せそうだと感じた。
73,2,葛藤あり,行動なし,4.0,post,item,主観の勇気評定,2,このロボットを見た後に、難しいことにも一歩踏み出せそうだと感じた。
75,2,葛藤あり,行動なし,4.0,post,item,主観の勇気評定,2,このロボットを見た後に、難しいことにも一歩踏み出せそうだと感じた。
78,2,葛藤あり,行動なし,2.0,post,item,主観の勇気評定,2,このロボットを見た後に、難しいことにも一歩踏み出せそうだと感じた。
80,2,葛藤あり,行動なし,2.0,post,item,主観の勇気評定,2,このロボットを見た後に、難しいことにも一歩踏み出せそうだと感じた。
84,2,葛藤あり,行動なし,2.0,post,item,主観の勇気評定,2,このロボットを見た後に、難しいことにも一歩踏み出せそうだと感じた。
85,2,葛藤あり,行動なし,3.0,post,item,主観の勇気評定,2,このロボットを見た後に、難しいことにも一歩踏み出せそうだと感じた。
93,2,葛藤あり,行動なし,5.0,post,item,主観の勇気評定,2,このロボットを見た後に、難しいことにも一歩踏み出せそうだと感じた。
99,2,葛藤あり,行動なし,1.0,post,item,主観の勇気評定,2,このロボットを見た後に、難しいことにも一歩踏み出せそうだと感じた。
119,2,葛藤あり,行動なし,2.0,post,item,主観の勇気評定,2,このロボットを見た後に、難しいことにも一歩踏み出せそうだと感じた。
12,2,葛藤あり,行動なし,5.0,post,item,主観の勇気評定,3,このロボットから勇気をもらったと感じた。
13,2,葛藤あり,行動なし,4.0,post,item,主観の勇気評定,3,このロボットから勇気をもらったと感じた。
21,2,葛藤あり,行動なし,4.0,post,item,主観の勇気評定,3,このロボットから勇気をもらったと感じた。
26,2,葛藤あり,行動なし,2.0,post,item,主観の勇気評定,3,このロボットから勇気をもらったと感じた。
27,2,葛藤あり,行動なし,1.0,post,item,主観の勇気評定,3,このロボットから勇気をもらったと感じた。
31,2,葛藤あり,行動なし,4.0,post,item,主観の勇気評定,3,このロボットから勇気をもらったと感じた。
38,2,葛藤あり,行動なし,2.0,post,item,主観の勇気評定,3,このロボットから勇気をもらったと感じた。
39,2,葛藤あり,行動なし,2.0,post,item,主観の勇気評定,3,このロボットから勇気をもらったと感じた。
40,2,葛藤あり,行動なし,3.0,post,item,主観の勇気評定,3,このロボットから勇気をもらったと感じた。
49,2,葛藤あり,行動なし,4.0,post,item,主観の勇気評定,3,このロボットから勇気をもらったと感じた。
50,2,葛藤あり,行動なし,5.0,post,item,主観の勇気評定,3,このロボットから勇気をもらったと感じた。
54,2,葛藤あり,行動なし,4.0,post,item,主観の勇気評定,3,このロボットから勇気をもらったと感じた。
70,2,葛藤あり,行動なし,3.0,post,item,主観の勇気評定,3,このロボットから勇気をもらったと感じた。
73,2,葛藤あり,行動なし,3.0,post,item,主観の勇気評定,3,このロボットから勇気をもらったと感じた。
75,2,葛藤あり,行動なし,5.0,post,item,主観の勇気評定,3,このロボットから勇気をもらったと感じた。
78,2,葛藤あり,行動なし,1.0,post,item,主観の勇気評定,3,このロボットから勇気をもらったと感じた。
80,2,葛藤あり,行動なし,2.0,post,item,主観の勇気評定,3,このロボットから勇気をもらったと感じた。
84,2,葛藤あり,行動なし,1.0,post,item,主観の勇気評定,3,このロボットから勇気をもらったと感じた。
85,2,葛藤あり,行動なし,3.0,post,item,主観の勇気評定,3,このロボットから勇気をもらったと感じた。
93,2,葛藤あり,行動なし,4.0,post,item,主観の勇気評定,3,このロボットから勇気をもらったと感じた。
99,2,葛藤あり,行動なし,1.0,post,item,主観の勇気評定,3,このロボットから勇気をもらったと感じた。
119,2,葛藤あり,行動なし,3.0,post,item,主観の勇気評定,3,このロボットから勇気をもらったと感じた。
12,3,葛藤なし,行動あり,5.0,post,item,主観の勇気評定,1,このロボットを見て、自分も挑戦しようと思った。
13,3,葛藤なし,行動あり,4.0,post,item,主観の勇気評定,1,このロボットを見て、自分も挑戦しようと思った。
21,3,葛藤なし,行動あり,3.0,post,item,主観の勇気評定,1,このロボットを見て、自分も挑戦しようと思った。
26,3,葛藤なし,行動あり,4.0,post,item,主観の勇気評定,1,このロボットを見て、自分も挑戦しようと思った。
27,3,葛藤なし,行動あり,2.0,post,item,主観の勇気評定,1,このロボットを見て、自分も挑戦しようと思った。
31,3,葛藤なし,行動あり,3.0,post,item,主観の勇気評定,1,このロボットを見て、自分も挑戦しようと思った。
38,3,葛藤なし,行動あり,5.0,post,item,主観の勇気評定,1,このロボットを見て、自分も挑戦しようと思った。
39,3,葛藤なし,行動あり,1.0,post,item,主観の勇気評定,1,このロボットを見て、自分も挑戦しようと思った。
40,3,葛藤なし,行動あり,3.0,post,item,主観の勇気評定,1,このロボットを見て、自分も挑戦しようと思った。
49,3,葛藤なし,行動あり,3.0,post,item,主観の勇気評定,1,このロボットを見て、自分も挑戦しようと思った。
50,3,葛藤なし,行動あり,4.0,post,item,主観の勇気評定,1,このロボットを見て、自分も挑戦しようと思った。
54,3,葛藤なし,行動あり,3.0,post,item,主観の勇気評定,1,このロボットを見て、自分も挑戦しようと思った。
70,3,葛藤なし,行動あり,2.0,post,item,主観の勇気評定,1,このロボットを見て、自分も挑戦しようと思った。
73,3,葛藤なし,行動あり,3.0,post,item,主観の勇気評定,1,このロボットを見て、自分も挑戦しようと思った。
75,3,葛藤なし,行動あり,4.0,post,item,主観の勇気評定,1,このロボットを見て、自分も挑戦しようと思った。
78,3,葛藤なし,行動あり,5.0,post,item,主観の勇気評定,1,このロボットを見て、自分も挑戦しようと思った。
80,3,葛藤なし,行動あり,5.0,post,item,主観の勇気評定,1,このロボットを見て、自分も挑戦しようと思った。
84,3,葛藤なし,行動あり,1.0,post,item,主観の勇気評定,1,このロボットを見て、自分も挑戦しようと思った。
85,3,葛藤なし,行動あり,3.0,post,item,主観の勇気評定,1,このロボットを見て、自分も挑戦しようと思った。
93,3,葛藤なし,行動あり,6.0,post,item,主観の勇気評定,1,このロボットを見て、自分も挑戦しようと思った。
99,3,葛藤なし,行動あり,2.0,post,item,主観の勇気評定,1,このロボットを見て、自分も挑戦しようと思った。
119,3,葛藤なし,行動あり,4.0,post,item,主観の勇気評定,1,このロボットを見て、自分も挑戦しようと思った。
12,3,葛藤なし,行動あり,5.0,post,item,主観の勇気評定,2,このロボットを見た後に、難しいことにも一歩踏み出せそうだと感じた。
13,3,葛藤なし,行動あり,4.0,post,item,主観の勇気評定,2,このロボットを見た後に、難しいことにも一歩踏み出せそうだと感じた。
21,3,葛藤なし,行動あり,3.0,post,item,主観の勇気評定,2,このロボットを見た後に、難しいことにも一歩踏み出せそうだと感じた。
26,3,葛藤なし,行動あり,5.0,post,item,主観の勇気評定,2,このロボットを見た後に、難しいことにも一歩踏み出せそうだと感じた。
27,3,葛藤なし,行動あり,5.0,post,item,主観の勇気評定,2,このロボットを見た後に、難しいことにも一歩踏み出せそうだと感じた。
31,3,葛藤なし,行動あり,2.0,post,item,主観の勇気評定,2,このロボットを見た後に、難しいことにも一歩踏み出せそうだと感じた。
38,3,葛藤なし,行動あり,5.0,post,item,主観の勇気評定,2,このロボットを見た後に、難しいことにも一歩踏み出せそうだと感じた。
39,3,葛藤なし,行動あり,2.0,post,item,主観の勇気評定,2,このロボットを見た後に、難しいことにも一歩踏み出せそうだと感じた。
40,3,葛藤なし,行動あり,3.0,post,item,主観の勇気評定,2,このロボットを見た後に、難しいことにも一歩踏み出せそうだと感じた。
49,3,葛藤なし,行動あり,3.0,post,item,主観の勇気評定,2,このロボットを見た後に、難しいことにも一歩踏み出せそうだと感じた。
50,3,葛藤なし,行動あり,3.0,post,item,主観の勇気評定,2,このロボットを見た後に、難しいことにも一歩踏み出せそうだと感じた。
54,3,葛藤なし,行動あり,3.0,post,item,主観の勇気評定,2,このロボットを見た後に、難しいことにも一歩踏み出せそうだと感じた。
70,3,葛藤なし,行動あり,2.0,post,item,主観の勇気評定,2,このロボットを見た後に、難しいことにも一歩踏み出せそうだと感じた。
73,3,葛藤なし,行動あり,2.0,post,item,主観の勇気評定,2,このロボットを見た後に、難しいことにも一歩踏み出せそうだと感じた。
75,3,葛藤なし,行動あり,4.0,post,item,主観の勇気評定,2,このロボットを見た後に、難しいことにも一歩踏み出せそうだと感じた。
78,3,葛藤なし,行動あり,5.0,post,item,主観の勇気評定,2,このロボットを見た後に、難しいことにも一歩踏み出せそうだと感じた。
80,3,葛藤なし,行動あり,3.0,post,item,主観の勇気評定,2,このロボットを見た後に、難しいことにも一歩踏み出せそうだと感じた。
84,3,葛藤なし,行動あり,1.0,post,item,主観の勇気評定,2,このロボットを見た後に、難しいことにも一歩踏み出せそうだと感じた。
85,3,葛藤なし,行動あり,3.0,post,item,主観の勇気評定,2,このロボットを見た後に、難しいことにも一歩踏み出せそうだと感じた。
93,3,葛藤なし,行動あり,5.0,post,item,主観の勇気評定,2,このロボットを見た後に、難しいことにも一歩踏み出せそうだと感じた。
99,3,葛藤なし,行動あり,3.0,post,item,主観の勇気評定,2,このロボットを見た後に、難しいことにも一歩踏み出せそうだと感じた。
119,3,葛藤なし,行動あり,3.0,post,item,主観の勇気評定,2,このロボットを見た後に、難しいことにも一歩踏み出せそうだと感じた。
12,3,葛藤なし,行動あり,5.0,post,item,主観の勇気評定,3,このロボットから勇気をもらったと感じた。
13,3,葛藤なし,行動あり,5.0,post,item,主観の勇気評定,3,このロボットから勇気をもらったと感じた。
21,3,葛藤なし,行動あり,5.0,post,item,主観の勇気評定,3,このロボットから勇気をもらったと感じた。
26,3,葛藤なし,行動あり,2.0,post,item,主観の勇気評定,3,このロボットから勇気をもらったと感じた。
27,3,葛藤なし,行動あり,5.0,post,item,主観の勇気評定,3,このロボットから勇気をもらったと感じた。
31,3,葛藤なし,行動あり,3.0,post,item,主観の勇気評定,3,このロボットから勇気をもらったと感じた。
38,3,葛藤なし,行動あり,5.0,post,item,主観の勇気評定,3,このロボットから勇気をもらったと感じた。
39,3,葛藤なし,行動あり,1.0,post,item,主観の勇気評定,3,このロボットから勇気をもらったと感じた。
40,3,葛藤なし,行動あり,3.0,post,item,主観の勇気評定,3,このロボットから勇気をもらったと感じた。
49,3,葛藤なし,行動あり,3.0,post,item,主観の勇気評定,3,このロボットから勇気をもらったと感じた。
50,3,葛藤なし,行動あり,4.0,post,item,主観の勇気評定,3,このロボットから勇気をもらったと感じた。
54,3,葛藤なし,行動あり,3.0,post,item,主観の勇気評定,3,このロボットから勇気をもらったと感じた。
70,3,葛藤なし,行動あり,4.0,post,item,主観の勇気評定,3,このロボットから勇気をもらったと感じた。
73,3,葛藤なし,行動あり,2.0,post,item,主観の勇気評定,3,このロボットから勇気をもらったと感じた。
75,3,葛藤なし,行動あり,4.0,post,item,主観の勇気評定,3,このロボットから勇気をもらったと感じた。
78,3,葛藤なし,行動あり,5.0,post,item,主観の勇気評定,3,このロボットから勇気をもらったと感じた。
80,3,葛藤なし,行動あり,5.0,post,item,主観の勇気評定,3,このロボットから勇気をもらったと感じた。
84,3,葛藤なし,行動あり,2.0,post,item,主観の勇気評定,3,このロボットから勇気をもらったと感じた。
85,3,葛藤なし,行動あり,3.0,post,item,主観の勇気評定,3,このロボットから勇気をもらったと感じた。
93,3,葛藤なし,行動あり,5.0,post,item,主観の勇気評定,3,このロボットから勇気をもらったと感じた。
99,3,葛藤なし,行動あり,2.0,post,item,主観の勇気評定,3,このロボットから勇気をもらったと感じた。
119,3,葛藤なし,行動あり,3.0,post,item,主観の勇気評定,3,このロボットから勇気をもらったと感じた。
12,4,葛藤なし,行動なし,4.0,post,item,主観の勇気評定,1,このロボットを見て、自分も挑戦しようと思った。
13,4,葛藤なし,行動なし,3.0,post,item,主観の勇気評定,1,このロボットを見て、自分も挑戦しようと思った。
21,4,葛藤なし,行動なし,4.0,post,item,主観の勇気評定,1,このロボットを見て、自分も挑戦しようと思った。
26,4,葛藤なし,行動なし,3.0,post,item,主観の勇気評定,1,このロボットを見て、自分も挑戦しようと思った。
27,4,葛藤なし,行動なし,1.0,post,item,主観の勇気評定,1,このロボットを見て、自分も挑戦しようと思った。
31,4,葛藤なし,行動なし,3.0,post,item,主観の勇気評定,1,このロボットを見て、自分も挑戦しようと思った。
38,4,葛藤なし,行動なし,2.0,post,item,主観の勇気評定,1,このロボットを見て、自分も挑戦しようと思った。
39,4,葛藤なし,行動なし,1.0,post,item,主観の勇気評定,1,このロボットを見て、自分も挑戦しようと思った。
40,4,葛藤なし,行動なし,3.0,post,item,主観の勇気評定,1,このロボットを見て、自分も挑戦しようと思った。
49,4,葛藤なし,行動なし,5.0,post,item,主観の勇気評定,1,このロボットを見て、自分も挑戦しようと思った。
50,4,葛藤なし,行動なし,4.0,post,item,主観の勇気評定,1,このロボットを見て、自分も挑戦しようと思った。
54,4,葛藤なし,行動なし,3.0,post,item,主観の勇気評定,1,このロボットを見て、自分も挑戦しようと思った。
70,4,葛藤なし,行動なし,2.0,post,item,主観の勇気評定,1,このロボットを見て、自分も挑戦しようと思った。
73,4,葛藤なし,行動なし,3.0,post,item,主観の勇気評定,1,このロボットを見て、自分も挑戦しようと思った。
75,4,葛藤なし,行動なし,2.0,post,item,主観の勇気評定,1,このロボットを見て、自分も挑戦しようと思った。
78,4,葛藤なし,行動なし,2.0,post,item,主観の勇気評定,1,このロボットを見て、自分も挑戦しようと思った。
80,4,葛藤なし,行動なし,2.0,post,item,主観の勇気評定,1,このロボットを見て、自分も挑戦しようと思った。
84,4,葛藤なし,行動なし,1.0,post,item,主観の勇気評定,1,このロボットを見て、自分も挑戦しようと思った。
85,4,葛藤なし,行動なし,2.0,post,item,主観の勇気評定,1,このロボットを見て、自分も挑戦しようと思った。
93,4,葛藤なし,行動なし,4.0,post,item,主観の勇気評定,1,このロボットを見て、自分も挑戦しようと思った。
99,4,葛藤なし,行動なし,1.0,post,item,主観の勇気評定,1,このロボットを見て、自分も挑戦しようと思った。
119,4,葛藤なし,行動なし,2.0,post,item,主観の勇気評定,1,このロボットを見て、自分も挑戦しようと思った。
12,4,葛藤なし,行動なし,4.0,post,item,主観の勇気評定,2,このロボットを見た後に、難しいことにも一歩踏み出せそうだと感じた。
13,4,葛藤なし,行動なし,3.0,post,item,主観の勇気評定,2,このロボットを見た後に、難しいことにも一歩踏み出せそうだと感じた。
21,4,葛藤なし,行動なし,3.0,post,item,主観の勇気評定,2,このロボットを見た後に、難しいことにも一歩踏み出せそうだと感じた。
26,4,葛藤なし,行動なし,4.0,post,item,主観の勇気評定,2,このロボットを見た後に、難しいことにも一歩踏み出せそうだと感じた。
27,4,葛藤なし,行動なし,1.0,post,item,主観の勇気評定,2,このロボットを見た後に、難しいことにも一歩踏み出せそうだと感じた。
31,4,葛藤なし,行動なし,4.0,post,item,主観の勇気評定,2,このロボットを見た後に、難しいことにも一歩踏み出せそうだと感じた。
38,4,葛藤なし,行動なし,2.0,post,item,主観の勇気評定,2,このロボットを見た後に、難しいことにも一歩踏み出せそうだと感じた。
39,4,葛藤なし,行動なし,2.0,post,item,主観の勇気評定,2,このロボットを見た後に、難しいことにも一歩踏み出せそうだと感じた。
40,4,葛藤なし,行動なし,3.0,post,item,主観の勇気評定,2,このロボットを見た後に、難しいことにも一歩踏み出せそうだと感じた。
49,4,葛藤なし,行動なし,4.0,post,item,主観の勇気評定,2,このロボットを見た後に、難しいことにも一歩踏み出せそうだと感じた。
50,4,葛藤なし,行動なし,4.0,post,item,主観の勇気評定,2,このロボットを見た後に、難しいことにも一歩踏み出せそうだと感じた。
54,4,葛藤なし,行動なし,3.0,post,item,主観の勇気評定,2,このロボットを見た後に、難しいことにも一歩踏み出せそうだと感じた。
70,4,葛藤なし,行動なし,2.0,post,item,主観の勇気評定,2,このロボットを見た後に、難しいことにも一歩踏み出せそうだと感じた。
73,4,葛藤なし,行動なし,3.0,post,item,主観の勇気評定,2,このロボットを見た後に、難しいことにも一歩踏み出せそうだと感じた。
75,4,葛藤なし,行動なし,4.0,post,item,主観の勇気評定,2,このロボットを見た後に、難しいことにも一歩踏み出せそうだと感じた。
78,4,葛藤なし,行動なし,2.0,post,item,主観の勇気評定,2,このロボットを見た後に、難しいことにも一歩踏み出せそうだと感じた。
80,4,葛藤なし,行動なし,2.0,post,item,主観の勇気評定,2,このロボットを見た後に、難しいことにも一歩踏み出せそうだと感じた。
84,4,葛藤なし,行動なし,1.0,post,item,主観の勇気評定,2,このロボットを見た後に、難しいことにも一歩踏み出せそうだと感じた。
85,4,葛藤なし,行動なし,3.0,post,item,主観の勇気評定,2,このロボットを見た後に、難しいことにも一歩踏み出せそうだと感じた。
93,4,葛藤なし,行動なし,5.0,post,item,主観の勇気評定,2,このロボットを見た後に、難しいことにも一歩踏み出せそうだと感じた。
99,4,葛藤なし,行動なし,1.0,post,item,主観の勇気評定,2,このロボットを見た後に、難しいことにも一歩踏み出せそうだと感じた。
119,4,葛藤なし,行動なし,2.0,post,item,主観の勇気評定,2,このロボットを見た後に、難しいことにも一歩踏み出せそうだと感じた。
12,4,葛藤なし,行動なし,4.0,post,item,主観の勇気評定,3,このロボットから勇気をもらったと感じた。
13,4,葛藤なし,行動なし,3.0,post,item,主観の勇気評定,3,このロボットから勇気をもらったと感じた。
21,4,葛藤なし,行動なし,3.0,post,item,主観の勇気評定,3,このロボットから勇気をもらったと感じた。
26,4,葛藤なし,行動なし,5.0,post,item,主観の勇気評定,3,このロボットから勇気をもらったと感じた。
27,4,葛藤なし,行動なし,1.0,post,item,主観の勇気評定,3,このロボットから勇気をもらったと感じた。
31,4,葛藤なし,行動なし,3.0,post,item,主観の勇気評定,3,このロボットから勇気をもらったと感じた。
38,4,葛藤なし,行動なし,2.0,post,item,主観の勇気評定,3,このロボットから勇気をもらったと感じた。
39,4,葛藤なし,行動なし,1.0,post,item,主観の勇気評定,3,このロボットから勇気をもらったと感じた。
40,4,葛藤なし,行動なし,3.0,post,item,主観の勇気評定,3,このロボットから勇気をもらったと感じた。
49,4,葛藤なし,行動なし,4.0,post,item,主観の勇気評定,3,このロボットから勇気をもらったと感じた。
50,4,葛藤なし,行動なし,3.0,post,item,主観の勇気評定,3,このロボットから勇気をもらったと感じた。
54,4,葛藤なし,行動なし,3.0,post,item,主観の勇気評定,3,このロボットから勇気をもらったと感じた。
70,4,葛藤なし,行動なし,3.0,post,item,主観の勇気評定,3,このロボットから勇気をもらったと感じた。
73,4,葛藤なし,行動なし,3.0,post,item,主観の勇気評定,3,このロボットから勇気をもらったと感じた。
75,4,葛藤なし,行動なし,4.0,post,item,主観の勇気評定,3,このロボットから勇気をもらったと感じた。
78,4,葛藤なし,行動なし,2.0,post,item,主観の勇気評定,3,このロボットから勇気をもらったと感じた。
80,4,葛藤なし,行動なし,3.0,post,item,主観の勇気評定,3,このロボットから勇気をもらったと感じた。
84,4,葛藤なし,行動なし,1.0,post,item,主観の勇気評定,3,このロボットから勇気をもらったと感じた。
85,4,葛藤なし,行動なし,2.0,post,item,主観の勇気評定,3,このロボットから勇気をもらったと感じた。
93,4,葛藤なし,行動なし,5.0,post,item,主観の勇気評定,3,このロボットから勇気をもらったと感じた。
99,4,葛藤なし,行動なし,1.0,post,item,主観の勇気評定,3,このロボットから勇気をもらったと感じた。
119,4,葛藤なし,行動なし,2.0,post,item,主観の勇気評定,3,このロボットから勇気をもらったと感じた。
